Compound,Che.type,Cell.type,Addition.Type,Time,Compartment_new,Compartment,% Recovery,Volume (uL),Used Volume (uL),Input Amount (pmol),Input.Amount.umol,Estimated amount (pmol),Estimated.Concentration.uM
4:2 FTS,PFAS,OAT1,AtoB,24,Lumen,Top,85.18590998,75,75,375,0.000375,319.4471624,4.259295499
4:2 FTS,PFAS,OAT1,AtoB,24,Lumen,Top,85.09808175,75,75,375,0.000375,319.1178066,4.254904087
4:2 FTS,PFAS,OAT1,AtoB,24,Lumen,Top,103.418697,75,75,375,0.000375,387.8201136,5.170934848
4:2 FTS,PFAS,OAT1,AtoB,24,Lumen,Top,85.14190334,75,75,375,0.000375,319.2821375,4.257095167
4:2 FTS,PFAS,OAT1,AtoB,24,Blood,Bottom,11.00578156,235,235,375,0.000375,41.27168084,0.175624174
4:2 FTS,PFAS,OAT1,AtoB,24,Blood,Bottom,10.71834907,235,235,375,0.000375,40.193809,0.171037485
4:2 FTS,PFAS,OAT1,AtoB,24,Blood,Bottom,10.94968605,235,235,375,0.000375,41.06132269,0.174729033
4:2 FTS,PFAS,OAT1,AtoB,24,Blood,Bottom,8.443152939,235,235,375,0.000375,31.66182352,0.134731164
4:2 FTS,PFAS,OAT1,AtoB,24,Cell,Lysate,0.009790946,30,0.025307623,375,0.000375,0.036716048,1.450790056
4:2 FTS,PFAS,OAT1,AtoB,24,Cell,Lysate,0.009948479,30,0.025307623,375,0.000375,0.037306796,1.474132746
4:2 FTS,PFAS,OAT1,AtoB,24,Cell,Lysate,0.008207014,30,0.025307623,375,0.000375,0.030776303,1.216088248
4:2 FTS,PFAS,OAT1,AtoB,24,Cell,Lysate,0.01049192,30,0.025307623,375,0.000375,0.039344701,1.554658099
4:2 FTS,PFAS,OAT1,BtoA,24,Blood,Bottom,100.0791715,235,235,1175,0.001175,1175.930265,5.003958573
4:2 FTS,PFAS,OAT1,BtoA,24,Blood,Bottom,106.7215104,235,235,1175,0.001175,1253.977747,5.33607552
4:2 FTS,PFAS,OAT1,BtoA,24,Blood,Bottom,74.82883222,235,235,1175,0.001175,879.2387786,3.741441611
4:2 FTS,PFAS,OAT1,BtoA,24,Blood,Bottom,74.57295632,235,235,1175,0.001175,876.2322367,3.728647816
4:2 FTS,PFAS,OAT1,BtoA,24,Lumen,Top,10.91763434,75,75,1175,0.001175,128.2822035,1.71042938
4:2 FTS,PFAS,OAT1,BtoA,24,Lumen,Top,10.88349086,75,75,1175,0.001175,127.8810176,1.705080234
4:2 FTS,PFAS,OAT1,BtoA,24,Lumen,Top,12.37941705,75,75,1175,0.001175,145.4581503,1.939442004
4:2 FTS,PFAS,OAT1,BtoA,24,Lumen,Top,9.434155647,75,75,1175,0.001175,110.8513288,1.478017718
4:2 FTS,PFAS,OAT1,BtoA,24,Cell,Lysate,0.025261017,30,0.025307623,1175,0.001175,0.296816955,11.72836156
4:2 FTS,PFAS,OAT1,BtoA,24,Cell,Lysate,0.033997467,30,0.025307623,1175,0.001175,0.399470238,15.78458135
4:2 FTS,PFAS,OAT1,BtoA,24,Cell,Lysate,0.079370391,30,0.025307623,1175,0.001175,0.932602093,36.85063923
4:2 FTS,PFAS,OAT1,BtoA,24,Cell,Lysate,0.044202843,30,0.025307623,1175,0.001175,0.519383407,20.52280465
6:2 FTS,PFAS,OAT1,AtoB,24,Lumen,Top,69.71210231,75,75,375,0.000375,261.4203837,3.485605116
6:2 FTS,PFAS,OAT1,AtoB,24,Lumen,Top,66.01628047,75,75,375,0.000375,247.5610517,3.300814023
6:2 FTS,PFAS,OAT1,AtoB,24,Lumen,Top,76.14991159,75,75,375,0.000375,285.5621685,3.80749558
6:2 FTS,PFAS,OAT1,AtoB,24,Lumen,Top,71.67152114,75,75,375,0.000375,268.7682043,3.583576057
6:2 FTS,PFAS,OAT1,AtoB,24,Blood,Bottom,29.45305549,235,235,375,0.000375,110.4489581,0.469995566
6:2 FTS,PFAS,OAT1,AtoB,24,Blood,Bottom,25.74853912,235,235,375,0.000375,96.55702171,0.410880943
6:2 FTS,PFAS,OAT1,AtoB,24,Blood,Bottom,33.9264913,235,235,375,0.000375,127.2243424,0.54138018
6:2 FTS,PFAS,OAT1,AtoB,24,Blood,Bottom,26.65724618,235,235,375,0.000375,99.96467316,0.425381588
6:2 FTS,PFAS,OAT1,AtoB,24,Cell,Lysate,0.225955129,30,0.025307623,375,0.000375,0.847331735,33.48128456
6:2 FTS,PFAS,OAT1,AtoB,24,Cell,Lysate,0.254359724,30,0.025307623,375,0.000375,0.953848965,37.69018357
6:2 FTS,PFAS,OAT1,AtoB,24,Cell,Lysate,0.085240738,30,0.025307623,375,0.000375,0.319652766,12.63069088
6:2 FTS,PFAS,OAT1,AtoB,24,Cell,Lysate,0.099296809,30,0.025307623,375,0.000375,0.372363035,14.71347317
6:2 FTS,PFAS,OAT1,BtoA,24,Blood,Bottom,91.22764454,235,235,1175,0.001175,1071.924823,4.561382227
6:2 FTS,PFAS,OAT1,BtoA,24,Blood,Bottom,91.93492744,235,235,1175,0.001175,1080.235397,4.596746372
6:2 FTS,PFAS,OAT1,BtoA,24,Blood,Bottom,86.81404376,235,235,1175,0.001175,1020.065014,4.340702188
6:2 FTS,PFAS,OAT1,BtoA,24,Blood,Bottom,87.91748169,235,235,1175,0.001175,1033.03041,4.395874084
6:2 FTS,PFAS,OAT1,BtoA,24,Lumen,Top,9.035354498,75,75,1175,0.001175,106.1654154,1.415538871
6:2 FTS,PFAS,OAT1,BtoA,24,Lumen,Top,11.54274899,75,75,1175,0.001175,135.6273006,1.808364008
6:2 FTS,PFAS,OAT1,BtoA,24,Lumen,Top,10.00307346,75,75,1175,0.001175,117.5361132,1.567148176
6:2 FTS,PFAS,OAT1,BtoA,24,Lumen,Top,10.76251834,75,75,1175,0.001175,126.4595905,1.686127874
6:2 FTS,PFAS,OAT1,BtoA,24,Cell,Lysate,0.169270956,30,0.025307623,1175,0.001175,1.988933729,78.5903011
6:2 FTS,PFAS,OAT1,BtoA,24,Cell,Lysate,0.224912978,30,0.025307623,1175,0.001175,2.642727489,104.4241676
6:2 FTS,PFAS,OAT1,BtoA,24,Cell,Lysate,0.19207841,30,0.025307623,1175,0.001175,2.256921321,89.17950536
6:2 FTS,PFAS,OAT1,BtoA,24,Cell,Lysate,0.175944934,30,0.025307623,1175,0.001175,2.06735298,81.68894258
8:2 FTS,PFAS,OAT1,AtoB,24,Lumen,Top,1.149859187,75,75,375,0.000375,4.311971952,0.057492959
8:2 FTS,PFAS,OAT1,AtoB,24,Lumen,Top,1.350937542,75,75,375,0.000375,5.066015781,0.067546877
8:2 FTS,PFAS,OAT1,AtoB,24,Lumen,Top,1.584826384,75,75,375,0.000375,5.943098939,0.079241319
8:2 FTS,PFAS,OAT1,AtoB,24,Lumen,Top,1.470880051,75,75,375,0.000375,5.515800192,0.073544003
8:2 FTS,PFAS,OAT1,AtoB,24,Blood,Bottom,26.34796739,235,235,375,0.000375,98.80487771,0.420446288
8:2 FTS,PFAS,OAT1,AtoB,24,Blood,Bottom,10.91261217,235,235,375,0.000375,40.92229564,0.174137428
8:2 FTS,PFAS,OAT1,AtoB,24,Blood,Bottom,19.8640881,235,235,375,0.000375,74.49033037,0.316980129
8:2 FTS,PFAS,OAT1,AtoB,24,Blood,Bottom,21.86157502,235,235,375,0.000375,81.98090632,0.348854921
8:2 FTS,PFAS,OAT1,AtoB,24,Cell,Lysate,54.54004984,30,0.025307623,375,0.000375,204.5251869,8081.564402
8:2 FTS,PFAS,OAT1,AtoB,24,Cell,Lysate,68.92484429,30,0.025307623,375,0.000375,258.4681661,10213.05572
8:2 FTS,PFAS,OAT1,AtoB,24,Cell,Lysate,91.18046896,30,0.025307623,375,0.000375,341.9267586,13510.82066
8:2 FTS,PFAS,OAT1,AtoB,24,Cell,Lysate,100.8118911,30,0.025307623,375,0.000375,378.0445915,14937.97297
8:2 FTS,PFAS,OAT1,BtoA,24,Blood,Bottom,5.864617058,235,235,1175,0.001175,68.90925043,0.293230853
8:2 FTS,PFAS,OAT1,BtoA,24,Blood,Bottom,6.418713866,235,235,1175,0.001175,75.41988793,0.320935693
8:2 FTS,PFAS,OAT1,BtoA,24,Blood,Bottom,10.43159826,235,235,1175,0.001175,122.5712796,0.521579913
8:2 FTS,PFAS,OAT1,BtoA,24,Blood,Bottom,7.744866551,235,235,1175,0.001175,91.00218198,0.387243328
8:2 FTS,PFAS,OAT1,BtoA,24,Lumen,Top,1.57910341,75,75,1175,0.001175,18.55446507,0.247392868
8:2 FTS,PFAS,OAT1,BtoA,24,Lumen,Top,2.688887276,75,75,1175,0.001175,31.59442549,0.421259007
8:2 FTS,PFAS,OAT1,BtoA,24,Lumen,Top,1.604061433,75,75,1175,0.001175,18.84772184,0.251302958
8:2 FTS,PFAS,OAT1,BtoA,24,Lumen,Top,2.041149564,75,75,1175,0.001175,23.98350737,0.319780098
8:2 FTS,PFAS,OAT1,BtoA,24,Cell,Lysate,71.42780519,30,0.025307623,1175,0.001175,839.276711,33163.00008
8:2 FTS,PFAS,OAT1,BtoA,24,Cell,Lysate,92.546349,30,0.025307623,1175,0.001175,1087.419601,42968.06505
8:2 FTS,PFAS,OAT1,BtoA,24,Cell,Lysate,108.2509403,30,0.025307623,1175,0.001175,1271.948549,50259.50235
8:2 FTS,PFAS,OAT1,BtoA,24,Cell,Lysate,89.40190808,30,0.025307623,1175,0.001175,1050.47242,41508.14207
PFDA,PFAS,OAT1,AtoB,24,Lumen,Top,2.213681471,75,75,375,0.000375,8.301305516,0.110684074
PFDA,PFAS,OAT1,AtoB,24,Lumen,Top,2.616993181,75,75,375,0.000375,9.813724428,0.130849659
PFDA,PFAS,OAT1,AtoB,24,Lumen,Top,4.599796639,75,75,375,0.000375,17.2492374,0.229989832
PFDA,PFAS,OAT1,AtoB,24,Lumen,Top,3.543001831,75,75,375,0.000375,13.28625687,0.177150092
PFDA,PFAS,OAT1,AtoB,24,Blood,Bottom,12.2757095,235,235,375,0.000375,46.03391061,0.195888981
PFDA,PFAS,OAT1,AtoB,24,Blood,Bottom,81.28012861,235,235,375,0.000375,304.8004823,1.297023329
PFDA,PFAS,OAT1,AtoB,24,Blood,Bottom,28.11921554,235,235,375,0.000375,105.4470583,0.448710886
PFDA,PFAS,OAT1,AtoB,24,Blood,Bottom,15.40538955,235,235,375,0.000375,57.77021083,0.245830684
PFDA,PFAS,OAT1,AtoB,24,Cell,Lysate,48.03772837,30,0.025307623,375,0.000375,180.1414814,7118.071888
PFDA,PFAS,OAT1,AtoB,24,Cell,Lysate,66.02287262,30,0.025307623,375,0.000375,247.5857723,9783.051146
PFDA,PFAS,OAT1,AtoB,24,Cell,Lysate,68.27465706,30,0.025307623,375,0.000375,256.029964,10116.71312
PFDA,PFAS,OAT1,AtoB,24,Cell,Lysate,67.61082563,30,0.025307623,375,0.000375,253.5405961,10018.34878
PFDA,PFAS,OAT1,BtoA,24,Blood,Bottom,7.262313552,235,235,1175,0.001175,85.33218424,0.363115678
PFDA,PFAS,OAT1,BtoA,24,Blood,Bottom,8.076219294,235,235,1175,0.001175,94.89557671,0.403810965
PFDA,PFAS,OAT1,BtoA,24,Blood,Bottom,8.480731636,235,235,1175,0.001175,99.64859672,0.424036582
PFDA,PFAS,OAT1,BtoA,24,Blood,Bottom,8.913925223,235,235,1175,0.001175,104.7386214,0.445696261
PFDA,PFAS,OAT1,BtoA,24,Lumen,Top,1.92408968,75,75,1175,0.001175,22.60805374,0.301440716
PFDA,PFAS,OAT1,BtoA,24,Lumen,Top,1.364040601,75,75,1175,0.001175,16.02747707,0.213699694
PFDA,PFAS,OAT1,BtoA,24,Lumen,Top,3.167472512,75,75,1175,0.001175,37.21780202,0.49623736
PFDA,PFAS,OAT1,BtoA,24,Lumen,Top,1.862071185,75,75,1175,0.001175,21.87933642,0.291724486
PFDA,PFAS,OAT1,BtoA,24,Cell,Lysate,50.6583659,30,0.025307623,1175,0.001175,595.2357994,23520.01981
PFDA,PFAS,OAT1,BtoA,24,Cell,Lysate,106.0372767,30,0.025307623,1175,0.001175,1245.938001,49231.72715
PFDA,PFAS,OAT1,BtoA,24,Cell,Lysate,104.3809467,30,0.025307623,1175,0.001175,1226.476123,48462.71467
PFDA,PFAS,OAT1,BtoA,24,Cell,Lysate,97.87254706,30,0.025307623,1175,0.001175,1150.002428,45440.94947
PFPeA,PFAS,OAT1,AtoB,24,Lumen,Top,86.89916229,75,75,375,0.000375,325.8718586,4.344958115
PFPeA,PFAS,OAT1,AtoB,24,Lumen,Top,81.27746393,75,75,375,0.000375,304.7904897,4.063873197
PFPeA,PFAS,OAT1,AtoB,24,Lumen,Top,69.30659392,75,75,375,0.000375,259.8997272,3.465329696
PFPeA,PFAS,OAT1,AtoB,24,Lumen,Top,72.42466286,75,75,375,0.000375,271.5924857,3.621233143
PFPeA,PFAS,OAT1,AtoB,24,Blood,Bottom,23.25523596,235,235,375,0.000375,87.20713487,0.371094191
PFPeA,PFAS,OAT1,AtoB,24,Blood,Bottom,19.8923551,235,235,375,0.000375,74.59633162,0.317431198
PFPeA,PFAS,OAT1,AtoB,24,Blood,Bottom,21.21768258,235,235,375,0.000375,79.56630968,0.338580041
PFPeA,PFAS,OAT1,AtoB,24,Blood,Bottom,25.56580227,235,235,375,0.000375,95.8717585,0.40796493
PFPeA,PFAS,OAT1,AtoB,24,Cell,Lysate,0.064584508,30,0.025307623,375,0.000375,0.242191905,9.569919033
PFPeA,PFAS,OAT1,AtoB,24,Cell,Lysate,0.03316652,30,0.025307623,375,0.000375,0.12437445,4.914505365
PFPeA,PFAS,OAT1,AtoB,24,Cell,Lysate,0.039682212,30,0.025307623,375,0.000375,0.148808294,5.879979042
PFPeA,PFAS,OAT1,AtoB,24,Cell,Lysate,0.023607844,30,0.025307623,375,0.000375,0.088529413,3.498132263
PFPeA,PFAS,OAT1,BtoA,24,Blood,Bottom,119.0298339,235,235,1175,0.001175,1398.600548,5.951491694
PFPeA,PFAS,OAT1,BtoA,24,Blood,Bottom,81.74882542,235,235,1175,0.001175,960.5486987,4.087441271
PFPeA,PFAS,OAT1,BtoA,24,Blood,Bottom,93.744249,235,235,1175,0.001175,1101.494926,4.68721245
PFPeA,PFAS,OAT1,BtoA,24,Blood,Bottom,87.07890826,235,235,1175,0.001175,1023.177172,4.353945413
PFPeA,PFAS,OAT1,BtoA,24,Lumen,Top,5.075133534,75,75,1175,0.001175,59.63281902,0.795104254
PFPeA,PFAS,OAT1,BtoA,24,Lumen,Top,4.898499382,75,75,1175,0.001175,57.55736774,0.76743157
PFPeA,PFAS,OAT1,BtoA,24,Lumen,Top,4.05775881,75,75,1175,0.001175,47.67866602,0.635715547
PFPeA,PFAS,OAT1,BtoA,24,Lumen,Top,4.154269334,75,75,1175,0.001175,48.81266468,0.650835529
PFPeA,PFAS,OAT1,BtoA,24,Cell,Lysate,0.076139846,30,0.025307623,1175,0.001175,0.894643186,35.3507391
PFPeA,PFAS,OAT1,BtoA,24,Cell,Lysate,0.0493377,30,0.025307623,1175,0.001175,0.579717977,22.90685191
PFPeA,PFAS,OAT1,BtoA,24,Cell,Lysate,0.046650741,30,0.025307623,1175,0.001175,0.54814621,21.65933185
PFPeA,PFAS,OAT1,BtoA,24,Cell,Lysate,0.040394091,30,0.025307623,1175,0.001175,0.474630573,18.75445072
PFUnDA,PFAS,OAT1,AtoB,24,Lumen,Top,0.294582114,75,75,375,0.000375,1.104682929,0.014729106
PFUnDA,PFAS,OAT1,AtoB,24,Lumen,Top,0.919310041,75,75,375,0.000375,3.447412653,0.045965502
PFUnDA,PFAS,OAT1,AtoB,24,Lumen,Top,0.20691244,75,75,375,0.000375,0.775921651,0.010345622
PFUnDA,PFAS,OAT1,AtoB,24,Lumen,Top,0.27529614,75,75,375,0.000375,1.032360524,0.013764807
PFUnDA,PFAS,OAT1,AtoB,24,Blood,Bottom,3.678447225,235,235,375,0.000375,13.79417709,0.058698626
PFUnDA,PFAS,OAT1,AtoB,24,Blood,Bottom,0.775818543,235,235,375,0.000375,2.909319535,0.012380083
PFUnDA,PFAS,OAT1,AtoB,24,Blood,Bottom,1.564213156,235,235,375,0.000375,5.865799335,0.024960848
PFUnDA,PFAS,OAT1,AtoB,24,Blood,Bottom,1.990194144,235,235,375,0.000375,7.463228039,0.031758417
PFUnDA,PFAS,OAT1,AtoB,24,Cell,Lysate,49.04863116,30,0.025307623,375,0.000375,183.9323668,7267.864123
PFUnDA,PFAS,OAT1,AtoB,24,Cell,Lysate,58.77646244,30,0.025307623,375,0.000375,220.4117342,8709.302025
PFUnDA,PFAS,OAT1,AtoB,24,Cell,Lysate,209.399164,30,0.025307623,375,0.000375,785.2468651,31028.07633
PFUnDA,PFAS,OAT1,AtoB,24,Cell,Lysate,73.07096858,30,0.025307623,375,0.000375,274.0161322,10827.41472
PFUnDA,PFAS,OAT1,BtoA,24,Blood,Bottom,0.114452866,235,235,1175,0.001175,1.344821175,0.005722643
PFUnDA,PFAS,OAT1,BtoA,24,Blood,Bottom,0.225191642,235,235,1175,0.001175,2.646001798,0.011259582
PFUnDA,PFAS,OAT1,BtoA,24,Blood,Bottom,0.295295785,235,235,1175,0.001175,3.469725477,0.014764789
PFUnDA,PFAS,OAT1,BtoA,24,Blood,Bottom,0.387079372,235,235,1175,0.001175,4.548182622,0.019353969
PFUnDA,PFAS,OAT1,BtoA,24,Lumen,Top,0.054881195,75,75,1175,0.001175,0.644854046,0.008598054
PFUnDA,PFAS,OAT1,BtoA,24,Lumen,Top,0.126104979,75,75,1175,0.001175,1.481733504,0.019756447
PFUnDA,PFAS,OAT1,BtoA,24,Lumen,Top,0.05079705,75,75,1175,0.001175,0.596865343,0.007958205
PFUnDA,PFAS,OAT1,BtoA,24,Lumen,Top,0.121665806,75,75,1175,0.001175,1.429573224,0.019060976
PFUnDA,PFAS,OAT1,BtoA,24,Cell,Lysate,97.08003531,30,0.025307623,1175,0.001175,1140.690415,45072.99658
PFUnDA,PFAS,OAT1,BtoA,24,Cell,Lysate,94.5514401,30,0.025307623,1175,0.001175,1110.979421,43899.00274
PFUnDA,PFAS,OAT1,BtoA,24,Cell,Lysate,101.7170695,30,0.025307623,1175,0.001175,1195.175567,47225.9112
PFUnDA,PFAS,OAT1,BtoA,24,Cell,Lysate,105.2759864,30,0.025307623,1175,0.001175,1236.99284,48878.26997
PFHpA,PFAS,OAT1,AtoB,24,Lumen,Top,52.01980415,75,75,375,0.000375,195.0742656,2.600990208
PFHpA,PFAS,OAT1,AtoB,24,Lumen,Top,72.91993008,75,75,375,0.000375,273.4497378,3.645996504
PFHpA,PFAS,OAT1,AtoB,24,Lumen,Top,74.62776306,75,75,375,0.000375,279.8541115,3.731388153
PFHpA,PFAS,OAT1,AtoB,24,Lumen,Top,57.4374393,75,75,375,0.000375,215.3903974,2.871871965
PFHpA,PFAS,OAT1,AtoB,24,Blood,Bottom,32.08658503,235,235,375,0.000375,120.3246939,0.512019974
PFHpA,PFAS,OAT1,AtoB,24,Blood,Bottom,30.87368328,235,235,375,0.000375,115.7763123,0.492665159
PFHpA,PFAS,OAT1,AtoB,24,Blood,Bottom,35.33823547,235,235,375,0.000375,132.518383,0.563908013
PFHpA,PFAS,OAT1,AtoB,24,Blood,Bottom,39.42743317,235,235,375,0.000375,147.8528744,0.629161168
PFHpA,PFAS,OAT1,AtoB,24,Cell,Lysate,1.285519483,30,0.025307623,375,0.000375,4.82069806,190.48403
PFHpA,PFAS,OAT1,AtoB,24,Cell,Lysate,1.300330024,30,0.025307623,375,0.000375,4.876237589,192.678607
PFHpA,PFAS,OAT1,AtoB,24,Cell,Lysate,1.322596218,30,0.025307623,375,0.000375,4.959735816,195.9779381
PFHpA,PFAS,OAT1,AtoB,24,Cell,Lysate,1.360680746,30,0.025307623,375,0.000375,5.102552799,201.6211777
PFHpA,PFAS,OAT1,BtoA,24,Blood,Bottom,92.34807816,235,235,1175,0.001175,1085.089918,4.617403908
PFHpA,PFAS,OAT1,BtoA,24,Blood,Bottom,87.45607434,235,235,1175,0.001175,1027.608873,4.372803717
PFHpA,PFAS,OAT1,BtoA,24,Blood,Bottom,90.73516093,235,235,1175,0.001175,1066.138141,4.536758046
PFHpA,PFAS,OAT1,BtoA,24,Blood,Bottom,96.02879843,235,235,1175,0.001175,1128.338382,4.801439921
PFHpA,PFAS,OAT1,BtoA,24,Lumen,Top,6.757619549,75,75,1175,0.001175,79.4020297,1.058693729
PFHpA,PFAS,OAT1,BtoA,24,Lumen,Top,8.022032884,75,75,1175,0.001175,94.25888638,1.256785152
PFHpA,PFAS,OAT1,BtoA,24,Lumen,Top,7.489814929,75,75,1175,0.001175,88.00532541,1.173404339
PFHpA,PFAS,OAT1,BtoA,24,Lumen,Top,7.421919171,75,75,1175,0.001175,87.20755026,1.162767337
PFHpA,PFAS,OAT1,BtoA,24,Cell,Lysate,0.926307388,30,0.025307623,1175,0.001175,10.88411181,430.0724613
PFHpA,PFAS,OAT1,BtoA,24,Cell,Lysate,0.93142822,30,0.025307623,1175,0.001175,10.94428158,432.4499968
PFHpA,PFAS,OAT1,BtoA,24,Cell,Lysate,0.937976295,30,0.025307623,1175,0.001175,11.02122146,435.4901828
PFHpA,PFAS,OAT1,BtoA,24,Cell,Lysate,0.944789717,30,0.025307623,1175,0.001175,11.10127918,438.6535661
PFHxS,PFAS,OAT1,AtoB,24,Lumen,Top,64.48667276,75,75,375,0.000375,241.8250229,3.224333638
PFHxS,PFAS,OAT1,AtoB,24,Lumen,Top,86.58503116,75,75,375,0.000375,324.6938668,4.329251558
PFHxS,PFAS,OAT1,AtoB,24,Lumen,Top,69.15896309,75,75,375,0.000375,259.3461116,3.457948154
PFHxS,PFAS,OAT1,AtoB,24,Lumen,Top,22.71488241,75,75,375,0.000375,85.18080905,1.135744121
PFHxS,PFAS,OAT1,AtoB,24,Blood,Bottom,33.31223601,235,235,375,0.000375,124.920885,0.531578234
PFHxS,PFAS,OAT1,AtoB,24,Blood,Bottom,39.68599915,235,235,375,0.000375,148.8224968,0.63328722
PFHxS,PFAS,OAT1,AtoB,24,Blood,Bottom,36.74137942,235,235,375,0.000375,137.7801728,0.586298608
PFHxS,PFAS,OAT1,AtoB,24,Blood,Bottom,42.18941717,235,235,375,0.000375,158.2103144,0.67323538
PFHxS,PFAS,OAT1,AtoB,24,Cell,Lysate,1.100097171,30,0.025307623,375,0.000375,4.125364392,163.0087644
PFHxS,PFAS,OAT1,AtoB,24,Cell,Lysate,1.342229399,30,0.025307623,375,0.000375,5.033360246,198.887118
PFHxS,PFAS,OAT1,AtoB,24,Cell,Lysate,1.412962897,30,0.025307623,375,0.000375,5.298610863,209.368174
PFHxS,PFAS,OAT1,AtoB,24,Cell,Lysate,1.270129359,30,0.025307623,375,0.000375,4.762985096,188.2035723
PFHxS,PFAS,OAT1,BtoA,24,Blood,Bottom,153.3415729,235,235,1175,0.001175,1801.763481,7.667078643
PFHxS,PFAS,OAT1,BtoA,24,Blood,Bottom,26.57675808,235,235,1175,0.001175,312.2769074,1.328837904
PFHxS,PFAS,OAT1,BtoA,24,Blood,Bottom,165.2666732,235,235,1175,0.001175,1941.88341,8.263333659
PFHxS,PFAS,OAT1,BtoA,24,Blood,Bottom,34.35765478,235,235,1175,0.001175,403.7024437,1.717882739
PFHxS,PFAS,OAT1,BtoA,24,Lumen,Top,4.050419066,75,75,1175,0.001175,47.59242403,0.634565654
PFHxS,PFAS,OAT1,BtoA,24,Lumen,Top,4.294061155,75,75,1175,0.001175,50.45521858,0.672736248
PFHxS,PFAS,OAT1,BtoA,24,Lumen,Top,4.657146752,75,75,1175,0.001175,54.72147433,0.729619658
PFHxS,PFAS,OAT1,BtoA,24,Lumen,Top,4.659708002,75,75,1175,0.001175,54.75156902,0.73002092
PFHxS,PFAS,OAT1,BtoA,24,Cell,Lysate,0.5849997,30,0.025307623,1175,0.001175,6.873746474,271.607745
PFHxS,PFAS,OAT1,BtoA,24,Cell,Lysate,0.671178082,30,0.025307623,1175,0.001175,7.886342467,311.619246
PFHxS,PFAS,OAT1,BtoA,24,Cell,Lysate,0.720508882,30,0.025307623,1175,0.001175,8.465979367,334.5228943
PFHxS,PFAS,OAT1,BtoA,24,Cell,Lysate,0.819319469,30,0.025307623,1175,0.001175,9.627003755,380.3993631
PFNA,PFAS,OAT1,AtoB,24,Lumen,Top,15.68070228,75,75,375,0.000375,58.80263356,0.784035114
PFNA,PFAS,OAT1,AtoB,24,Lumen,Top,16.31052604,75,75,375,0.000375,61.16447267,0.815526302
PFNA,PFAS,OAT1,AtoB,24,Lumen,Top,31.09750276,75,75,375,0.000375,116.6156354,1.554875138
PFNA,PFAS,OAT1,AtoB,24,Lumen,Top,18.09082995,75,75,375,0.000375,67.84061233,0.904541498
PFNA,PFAS,OAT1,AtoB,24,Blood,Bottom,48.70085058,235,235,375,0.000375,182.6281897,0.777141233
PFNA,PFAS,OAT1,AtoB,24,Blood,Bottom,37.69294651,235,235,375,0.000375,141.3485494,0.601483189
PFNA,PFAS,OAT1,AtoB,24,Blood,Bottom,46.99698663,235,235,375,0.000375,176.2386998,0.749951914
PFNA,PFAS,OAT1,AtoB,24,Blood,Bottom,60.59559461,235,235,375,0.000375,227.2334798,0.966950978
PFNA,PFAS,OAT1,AtoB,24,Cell,Lysate,19.87726841,30,0.025307623,375,0.000375,74.53975652,2945.347964
PFNA,PFAS,OAT1,AtoB,24,Cell,Lysate,29.12994895,30,0.025307623,375,0.000375,109.2373086,4316.379599
PFNA,PFAS,OAT1,AtoB,24,Cell,Lysate,38.51028529,30,0.025307623,375,0.000375,144.4135698,5706.326847
PFNA,PFAS,OAT1,AtoB,24,Cell,Lysate,37.31655799,30,0.025307623,375,0.000375,139.9370924,5529.44428
PFNA,PFAS,OAT1,BtoA,24,Blood,Bottom,52.08472358,235,235,1175,0.001175,611.995502,2.604236179
PFNA,PFAS,OAT1,BtoA,24,Blood,Bottom,67.29245385,235,235,1175,0.001175,790.6863328,3.364622693
PFNA,PFAS,OAT1,BtoA,24,Blood,Bottom,53.87600291,235,235,1175,0.001175,633.0430342,2.693800145
PFNA,PFAS,OAT1,BtoA,24,Blood,Bottom,71.74080535,235,235,1175,0.001175,842.9544629,3.587040268
PFNA,PFAS,OAT1,BtoA,24,Lumen,Top,8.364047593,75,75,1175,0.001175,98.27755922,1.310367456
PFNA,PFAS,OAT1,BtoA,24,Lumen,Top,9.472738786,75,75,1175,0.001175,111.3046807,1.48406241
PFNA,PFAS,OAT1,BtoA,24,Lumen,Top,9.375705777,75,75,1175,0.001175,110.1645429,1.468860572
PFNA,PFAS,OAT1,BtoA,24,Lumen,Top,10.69808056,75,75,1175,0.001175,125.7024465,1.67603262
PFNA,PFAS,OAT1,BtoA,24,Cell,Lysate,22.46079983,30,0.025307623,1175,0.001175,263.914398,10428.25696
PFNA,PFAS,OAT1,BtoA,24,Cell,Lysate,28.15866052,30,0.025307623,1175,0.001175,330.8642611,13073.6995
PFNA,PFAS,OAT1,BtoA,24,Cell,Lysate,33.82767167,30,0.025307623,1175,0.001175,397.4751421,15705.74758
PFNA,PFAS,OAT1,BtoA,24,Cell,Lysate,32.64830959,30,0.025307623,1175,0.001175,383.6176377,15158.18512
PFOA,PFAS,OAT1,AtoB,24,Lumen,Top,51.00485176,75,75,375,0.000375,191.2681941,2.550242588
PFOA,PFAS,OAT1,AtoB,24,Lumen,Top,59.08497222,75,75,375,0.000375,221.5686458,2.954248611
PFOA,PFAS,OAT1,AtoB,24,Lumen,Top,54.34767604,75,75,375,0.000375,203.8037851,2.717383802
PFOA,PFAS,OAT1,AtoB,24,Lumen,Top,58.29871153,75,75,375,0.000375,218.6201682,2.914935576
PFOA,PFAS,OAT1,AtoB,24,Blood,Bottom,38.91920938,235,235,375,0.000375,145.9470352,0.621051214
PFOA,PFAS,OAT1,AtoB,24,Blood,Bottom,38.79748624,235,235,375,0.000375,145.4905734,0.619108823
PFOA,PFAS,OAT1,AtoB,24,Blood,Bottom,49.048644,235,235,375,0.000375,183.932415,0.782691128
PFOA,PFAS,OAT1,AtoB,24,Blood,Bottom,46.81662828,235,235,375,0.000375,175.562356,0.747073856
PFOA,PFAS,OAT1,AtoB,24,Cell,Lysate,0.395569777,30,0.025307623,375,0.000375,1.483386664,58.61422274
PFOA,PFAS,OAT1,AtoB,24,Cell,Lysate,0.860061344,30,0.025307623,375,0.000375,3.225230041,127.4410486
PFOA,PFAS,OAT1,AtoB,24,Cell,Lysate,1.10347683,30,0.025307623,375,0.000375,4.138038112,163.5095511
PFOA,PFAS,OAT1,AtoB,24,Cell,Lysate,1.322712606,30,0.025307623,375,0.000375,4.960172272,195.9951841
PFOA,PFAS,OAT1,BtoA,24,Blood,Bottom,87.05023151,235,235,1175,0.001175,1022.84022,4.352511575
PFOA,PFAS,OAT1,BtoA,24,Blood,Bottom,88.08052905,235,235,1175,0.001175,1034.946216,4.404026452
PFOA,PFAS,OAT1,BtoA,24,Blood,Bottom,91.45785501,235,235,1175,0.001175,1074.629796,4.57289275
PFOA,PFAS,OAT1,BtoA,24,Blood,Bottom,96.70810712,235,235,1175,0.001175,1136.320259,4.835405356
PFOA,PFAS,OAT1,BtoA,24,Lumen,Top,7.610527432,75,75,1175,0.001175,89.42369733,1.192315964
PFOA,PFAS,OAT1,BtoA,24,Lumen,Top,9.398981517,75,75,1175,0.001175,110.4380328,1.472507104
PFOA,PFAS,OAT1,BtoA,24,Lumen,Top,8.761568052,75,75,1175,0.001175,102.9484246,1.372645662
PFOA,PFAS,OAT1,BtoA,24,Lumen,Top,9.136410242,75,75,1175,0.001175,107.3528203,1.431370938
PFOA,PFAS,OAT1,BtoA,24,Cell,Lysate,0.336366276,30,0.025307623,1175,0.001175,3.952303739,156.1704829
PFOA,PFAS,OAT1,BtoA,24,Cell,Lysate,0.434865754,30,0.025307623,1175,0.001175,5.109672608,201.9025083
PFOA,PFAS,OAT1,BtoA,24,Cell,Lysate,0.535453825,30,0.025307623,1175,0.001175,6.291582448,248.6042405
PFOA,PFAS,OAT1,BtoA,24,Cell,Lysate,0.489104217,30,0.025307623,1175,0.001175,5.746974548,227.0847206
PFOS,PFAS,OAT1,AtoB,24,Lumen,Top,5.329368615,75,75,375,0.000375,19.9851323,0.266468431
PFOS,PFAS,OAT1,AtoB,24,Lumen,Top,2.175578833,75,75,375,0.000375,8.158420625,0.108778942
PFOS,PFAS,OAT1,AtoB,24,Lumen,Top,7.212992526,75,75,375,0.000375,27.04872197,0.360649626
PFOS,PFAS,OAT1,AtoB,24,Lumen,Top,3.469734392,75,75,375,0.000375,13.01150397,0.17348672
PFOS,PFAS,OAT1,AtoB,24,Blood,Bottom,59.28037298,235,235,375,0.000375,222.3013987,0.945963399
PFOS,PFAS,OAT1,AtoB,24,Blood,Bottom,48.86856653,235,235,375,0.000375,183.2571245,0.779817551
PFOS,PFAS,OAT1,AtoB,24,Blood,Bottom,19.63566567,235,235,375,0.000375,73.63374625,0.31333509
PFOS,PFAS,OAT1,AtoB,24,Blood,Bottom,29.63110644,235,235,375,0.000375,111.1166492,0.472836805
PFOS,PFAS,OAT1,AtoB,24,Cell,Lysate,49.1535916,30,0.025307623,375,0.000375,184.3259685,7283.416815
PFOS,PFAS,OAT1,AtoB,24,Cell,Lysate,35.19252144,30,0.025307623,375,0.000375,131.9719554,5214.711562
PFOS,PFAS,OAT1,AtoB,24,Cell,Lysate,58.89752961,30,0.025307623,375,0.000375,220.865736,8727.241358
PFOS,PFAS,OAT1,AtoB,24,Cell,Lysate,81.15297136,30,0.025307623,375,0.000375,304.3236426,12024.97919
PFOS,PFAS,OAT1,BtoA,24,Blood,Bottom,30.15057713,235,235,1175,0.001175,354.2692813,1.507528857
PFOS,PFAS,OAT1,BtoA,24,Blood,Bottom,43.93343316,235,235,1175,0.001175,516.2178396,2.196671658
PFOS,PFAS,OAT1,BtoA,24,Blood,Bottom,9.240465084,235,235,1175,0.001175,108.5754647,0.462023254
PFOS,PFAS,OAT1,BtoA,24,Blood,Bottom,21.43143141,235,235,1175,0.001175,251.8193191,1.071571571
PFOS,PFAS,OAT1,BtoA,24,Lumen,Top,4.274901304,75,75,1175,0.001175,50.23009033,0.669734538
PFOS,PFAS,OAT1,BtoA,24,Lumen,Top,5.87620885,75,75,1175,0.001175,69.04545399,0.920606053
PFOS,PFAS,OAT1,BtoA,24,Lumen,Top,2.611582146,75,75,1175,0.001175,30.68609022,0.40914787
PFOS,PFAS,OAT1,BtoA,24,Lumen,Top,4.977277095,75,75,1175,0.001175,58.48300586,0.779773412
PFOS,PFAS,OAT1,BtoA,24,Cell,Lysate,53.50735197,30,0.025307623,1175,0.001175,628.7113857,24842.76695
PFOS,PFAS,OAT1,BtoA,24,Cell,Lysate,62.25752758,30,0.025307623,1175,0.001175,731.525949,28905.35957
PFOS,PFAS,OAT1,BtoA,24,Cell,Lysate,78.56501823,30,0.025307623,1175,0.001175,923.1389642,36476.71519
PFOS,PFAS,OAT1,BtoA,24,Cell,Lysate,83.17422603,30,0.025307623,1175,0.001175,977.2971559,38616.71036
PFBS,PFAS,OAT1,AtoB,24,Lumen,Top,68.12832212,75,75,375,0.000375,255.481208,3.406416106
PFBS,PFAS,OAT1,AtoB,24,Lumen,Top,60.56017723,75,75,375,0.000375,227.1006646,3.028008862
PFBS,PFAS,OAT1,AtoB,24,Lumen,Top,28.19900563,75,75,375,0.000375,105.7462711,1.409950282
PFBS,PFAS,OAT1,AtoB,24,Lumen,Top,30.06443654,75,75,375,0.000375,112.741637,1.503221827
PFBS,PFAS,OAT1,AtoB,24,Blood,Bottom,36.00830945,235,235,375,0.000375,135.0311604,0.574600683
PFBS,PFAS,OAT1,AtoB,24,Blood,Bottom,35.29134695,235,235,375,0.000375,132.3425511,0.563159792
PFBS,PFAS,OAT1,AtoB,24,Blood,Bottom,62.63560815,235,235,375,0.000375,234.8835306,0.999504385
PFBS,PFAS,OAT1,AtoB,24,Blood,Bottom,79.09399994,235,235,375,0.000375,296.6024998,1.262138297
PFBS,PFAS,OAT1,AtoB,24,Cell,Lysate,0.007254063,30,0.025307623,375,0.000375,0.027202736,1.074883092
PFBS,PFAS,OAT1,AtoB,24,Cell,Lysate,0.004590176,30,0.025307623,375,0.000375,0.017213161,0.680157149
PFBS,PFAS,OAT1,AtoB,24,Cell,Lysate,0.003238685,30,0.025307623,375,0.000375,0.01214507,0.479897699
PFBS,PFAS,OAT1,AtoB,24,Cell,Lysate,0.003711058,30,0.025307623,375,0.000375,0.013916469,0.549892371
PFBS,PFAS,OAT1,BtoA,24,Blood,Bottom,115.4913672,235,235,1175,0.001175,1357.023565,5.774568361
PFBS,PFAS,OAT1,BtoA,24,Blood,Bottom,82.29557366,235,235,1175,0.001175,966.9729904,4.114778683
PFBS,PFAS,OAT1,BtoA,24,Blood,Bottom,84.16493082,235,235,1175,0.001175,988.9379372,4.208246541
PFBS,PFAS,OAT1,BtoA,24,Blood,Bottom,67.27109524,235,235,1175,0.001175,790.435369,3.363554762
PFBS,PFAS,OAT1,BtoA,24,Lumen,Top,1.072511846,75,75,1175,0.001175,12.60201419,0.168026856
PFBS,PFAS,OAT1,BtoA,24,Lumen,Top,1.137618359,75,75,1175,0.001175,13.36701571,0.178226876
PFBS,PFAS,OAT1,BtoA,24,Lumen,Top,24.31863174,75,75,1175,0.001175,285.7439229,3.809918972
PFBS,PFAS,OAT1,BtoA,24,Lumen,Top,24.2325335,75,75,1175,0.001175,284.7322686,3.796430248
PFBS,PFAS,OAT1,BtoA,24,Cell,Lysate,0.0013804,30,0.025307623,1175,0.001175,0.016219695,0.640901555
PFBS,PFAS,OAT1,BtoA,24,Cell,Lysate,0.001548512,30,0.025307623,1175,0.001175,0.018195019,0.718954064
PFBS,PFAS,OAT1,BtoA,24,Cell,Lysate,0.007651928,30,0.025307623,1175,0.001175,0.08991015,3.552690402
PFBS,PFAS,OAT1,BtoA,24,Cell,Lysate,0.005156775,30,0.025307623,1175,0.001175,0.060592106,2.394223493
BP4,Small Molecules,OAT1,AtoB,24,Lumen,Top,76.26901219,75,75,750,0.00075,572.0175915,7.626901219
BP4,Small Molecules,OAT1,AtoB,24,Lumen,Top,82.09800958,75,75,750,0.00075,615.7350718,8.209800958
BP4,Small Molecules,OAT1,AtoB,24,Blood,Bottom,21.54440776,235,235,750,0.00075,161.5830582,0.687587482
BP4,Small Molecules,OAT1,AtoB,24,Blood,Bottom,19.96927169,235,235,750,0.00075,149.7695377,0.637317182
BP4,Small Molecules,OAT1,AtoB,24,Cell,Lysate,0.04890595,30,0.025307623,750,0.00075,0.366794626,14.49344423
BP4,Small Molecules,OAT1,AtoB,24,Cell,Lysate,0.070392832,30,0.025307623,750,0.00075,0.527946237,20.86115446
BP4,Small Molecules,OAT1,BtoA,24,Blood,Bottom,87.61030676,235,235,2350,0.00235,2058.842209,8.761030676
BP4,Small Molecules,OAT1,BtoA,24,Blood,Bottom,91.83570704,235,235,2350,0.00235,2158.139116,9.183570704
BP4,Small Molecules,OAT1,BtoA,24,Lumen,Top,10.67520994,75,75,2350,0.00235,250.8674336,3.344899114
BP4,Small Molecules,OAT1,BtoA,24,Lumen,Top,9.835948075,75,75,2350,0.00235,231.1447798,3.081930397
BP4,Small Molecules,OAT1,BtoA,24,Cell,Lysate,0.021068195,30,0.025307623,2350,0.00235,0.495102594,19.56337778
BP4,Small Molecules,OAT1,BtoA,24,Cell,Lysate,0.021759989,30,0.025307623,2350,0.00235,0.51135973,20.20575878
Gentamicin,Mycin,OAT1,AtoB,24,Lumen,Top,108.9421251,75,75,75000,0.075,81706.59379,1089.421251
Gentamicin,Mycin,OAT1,AtoB,24,Lumen,Top,123.7334157,75,75,75000,0.075,92800.06178,1237.334157
Gentamicin,Mycin,OAT1,AtoB,24,Lumen,Top,102.1868963,75,75,75000,0.075,76640.17226,1021.868963
Gentamicin,Mycin,OAT1,AtoB,24,Lumen,Top,25.77511653,75,75,75000,0.075,19331.33739,257.7511653
Gentamicin,Mycin,OAT1,AtoB,24,Blood,Bottom,19.91695161,235,235,75000,0.075,14937.71371,63.56473917
Gentamicin,Mycin,OAT1,AtoB,24,Blood,Bottom,6.637590345,235,235,75000,0.075,4978.192759,21.18379897
Gentamicin,Mycin,OAT1,AtoB,24,Blood,Bottom,5.630960067,235,235,75000,0.075,4223.220051,17.97114915
Gentamicin,Mycin,OAT1,AtoB,24,Blood,Bottom,7.176060862,235,235,75000,0.075,5382.045646,22.9023219
Gentamicin,Mycin,OAT1,AtoB,24,Cell,Lysate,0.000138566,30,0.025307623,75000,0.075,0.103924387,4.106445939
Gentamicin,Mycin,OAT1,AtoB,24,Cell,Lysate,0.000180253,30,0.025307623,75000,0.075,0.135189889,5.341864298
Gentamicin,Mycin,OAT1,AtoB,24,Cell,Lysate,9.00E-05,30,0.025307623,75000,0.075,0.067482277,2.666480246
Gentamicin,Mycin,OAT1,AtoB,24,Cell,Lysate,0.000474696,30,0.025307623,75000,0.075,0.356022103,14.06778106
Gentamicin,Mycin,OAT1,BtoA,24,Blood,Bottom,63.74262559,235,235,235000,0.235,149795.1701,637.4262559
Gentamicin,Mycin,OAT1,BtoA,24,Blood,Bottom,98.2662588,235,235,235000,0.235,230925.7082,982.662588
Gentamicin,Mycin,OAT1,BtoA,24,Blood,Bottom,78.84846311,235,235,235000,0.235,185293.8883,788.4846311
Gentamicin,Mycin,OAT1,BtoA,24,Blood,Bottom,91.35435471,235,235,235000,0.235,214682.7336,913.5435471
Gentamicin,Mycin,OAT1,BtoA,24,Lumen,Top,15.94298989,75,75,235000,0.235,37466.02624,499.5470166
Gentamicin,Mycin,OAT1,BtoA,24,Lumen,Top,22.60180212,75,75,235000,0.235,53114.23498,708.1897997
Gentamicin,Mycin,OAT1,BtoA,24,Lumen,Top,16.50096419,75,75,235000,0.235,38777.26585,517.0302113
Gentamicin,Mycin,OAT1,BtoA,24,Lumen,Top,12.74208787,75,75,235000,0.235,29943.9065,399.2520867
Gentamicin,Mycin,OAT1,BtoA,24,Cell,Lysate,6.24E-05,30,0.025307623,235000,0.235,0.146696196,5.796522065
Gentamicin,Mycin,OAT1,BtoA,24,Cell,Lysate,9.62E-05,30,0.025307623,235000,0.235,0.22604863,8.932037138
Gentamicin,Mycin,OAT1,BtoA,24,Cell,Lysate,0.000107669,30,0.025307623,235000,0.235,0.253022609,9.997881142
Gentamicin,Mycin,OAT1,BtoA,24,Cell,Lysate,0.000187437,30,0.025307623,235000,0.235,0.440477379,17.40492876
Rifampin,Small Molecules,OAT1,AtoB,24,Lumen,Top,61.64132137,75,75,750,0.00075,462.3099103,6.164132137
Rifampin,Small Molecules,OAT1,AtoB,24,Lumen,Top,78.29262224,75,75,750,0.00075,587.1946668,7.829262224
Rifampin,Small Molecules,OAT1,AtoB,24,Lumen,Top,78.53239089,75,75,750,0.00075,588.9929316,7.853239089
Rifampin,Small Molecules,OAT1,AtoB,24,Lumen,Top,77.57520466,75,75,750,0.00075,581.814035,7.757520466
Rifampin,Small Molecules,OAT1,AtoB,24,Blood,Bottom,18.08954449,235,235,750,0.00075,135.6715837,0.577325888
Rifampin,Small Molecules,OAT1,AtoB,24,Blood,Bottom,18.03383965,235,235,750,0.00075,135.2537974,0.575548074
Rifampin,Small Molecules,OAT1,AtoB,24,Blood,Bottom,31.92248391,235,235,750,0.00075,239.4186293,1.018802678
Rifampin,Small Molecules,OAT1,AtoB,24,Blood,Bottom,32.10854885,235,235,750,0.00075,240.8141164,1.024740921
Rifampin,Small Molecules,OAT1,AtoB,24,Cell,Lysate,0.171781958,30,0.025307623,750,0.00075,1.288364687,50.90816611
Rifampin,Small Molecules,OAT1,AtoB,24,Cell,Lysate,1.265993636,30,0.025307623,750,0.00075,9.494952268,375.181509
Rifampin,Small Molecules,OAT1,AtoB,24,Cell,Lysate,1.20363469,30,0.025307623,750,0.00075,9.027260176,356.7012239
Rifampin,Small Molecules,OAT1,AtoB,24,Cell,Lysate,1.162633659,30,0.025307623,750,0.00075,8.719752441,344.5504292
Rifampin,Small Molecules,OAT1,BtoA,24,Blood,Bottom,67.49652776,235,235,2350,0.00235,1586.168402,6.749652776
Rifampin,Small Molecules,OAT1,BtoA,24,Blood,Bottom,76.53239784,235,235,2350,0.00235,1798.511349,7.653239784
Rifampin,Small Molecules,OAT1,BtoA,24,Blood,Bottom,80.89700185,235,235,2350,0.00235,1901.079543,8.089700185
Rifampin,Small Molecules,OAT1,BtoA,24,Blood,Bottom,79.21784745,235,235,2350,0.00235,1861.619415,7.921784745
Rifampin,Small Molecules,OAT1,BtoA,24,Lumen,Top,18.74546782,75,75,2350,0.00235,440.5184938,5.873579917
Rifampin,Small Molecules,OAT1,BtoA,24,Lumen,Top,25.00341516,75,75,2350,0.00235,587.5802563,7.834403418
Rifampin,Small Molecules,OAT1,BtoA,24,Lumen,Top,23.38003879,75,75,2350,0.00235,549.4309117,7.325745489
Rifampin,Small Molecules,OAT1,BtoA,24,Lumen,Top,25.98289154,75,75,2350,0.00235,610.5979511,8.141306014
Rifampin,Small Molecules,OAT1,BtoA,24,Cell,Lysate,0.283372152,30,0.025307623,2350,0.00235,6.659245565,263.1320021
Rifampin,Small Molecules,OAT1,BtoA,24,Cell,Lysate,0.771194848,30,0.025307623,2350,0.00235,18.12307893,716.1114567
Rifampin,Small Molecules,OAT1,BtoA,24,Cell,Lysate,0.978769859,30,0.025307623,2350,0.00235,23.00109169,908.8602075
Rifampin,Small Molecules,OAT1,BtoA,24,Cell,Lysate,0.711074932,30,0.025307623,2350,0.00235,16.71026089,660.2856676
Streptomycin,Mycin,OAT1,AtoB,24,Lumen,Top,74.18743114,75,75,75000,0.075,55640.57335,741.8743114
Streptomycin,Mycin,OAT1,AtoB,24,Lumen,Top,86.1967536,75,75,75000,0.075,64647.5652,861.967536
Streptomycin,Mycin,OAT1,AtoB,24,Lumen,Top,63.95714833,75,75,75000,0.075,47967.86125,639.5714833
Streptomycin,Mycin,OAT1,AtoB,24,Lumen,Top,66.2634106,75,75,75000,0.075,49697.55795,662.634106
Streptomycin,Mycin,OAT1,AtoB,24,Blood,Bottom,23.26362174,235,235,75000,0.075,17447.7163,74.24560128
Streptomycin,Mycin,OAT1,AtoB,24,Blood,Bottom,22.20568818,235,235,75000,0.075,16654.26613,70.86921758
Streptomycin,Mycin,OAT1,AtoB,24,Blood,Bottom,28.05106072,235,235,75000,0.075,21038.29554,89.52466186
Streptomycin,Mycin,OAT1,AtoB,24,Blood,Bottom,35.78473875,235,235,75000,0.075,26838.55406,114.206613
Streptomycin,Mycin,OAT1,AtoB,24,Cell,Lysate,0.018396606,30,0.025307623,75000,0.075,13.79745452,545.1896607
Streptomycin,Mycin,OAT1,AtoB,24,Cell,Lysate,0.023701047,30,0.025307623,75000,0.075,17.77578554,702.3885803
Streptomycin,Mycin,OAT1,AtoB,24,Cell,Lysate,0.025543451,30,0.025307623,75000,0.075,19.15758827,756.9888372
Streptomycin,Mycin,OAT1,AtoB,24,Cell,Lysate,0.022505841,30,0.025307623,75000,0.075,16.87938105,666.9682453
Streptomycin,Mycin,OAT1,BtoA,24,Blood,Bottom,97.9286939,235,235,235000,0.235,230132.4307,979.286939
Streptomycin,Mycin,OAT1,BtoA,24,Blood,Bottom,81.89543546,235,235,235000,0.235,192454.2733,818.9543546
Streptomycin,Mycin,OAT1,BtoA,24,Blood,Bottom,106.1170306,235,235,235000,0.235,249375.0219,1061.170306
Streptomycin,Mycin,OAT1,BtoA,24,Blood,Bottom,103.585766,235,235,235000,0.235,243426.5501,1035.85766
Streptomycin,Mycin,OAT1,BtoA,24,Lumen,Top,2.273102246,75,75,235000,0.235,5341.790277,71.22387036
Streptomycin,Mycin,OAT1,BtoA,24,Lumen,Top,2.674053933,75,75,235000,0.235,6284.026742,83.78702323
Streptomycin,Mycin,OAT1,BtoA,24,Lumen,Top,2.575124033,75,75,235000,0.235,6051.541478,80.68721971
Streptomycin,Mycin,OAT1,BtoA,24,Lumen,Top,2.938268054,75,75,235000,0.235,6904.929926,92.06573235
Streptomycin,Mycin,OAT1,BtoA,24,Cell,Lysate,0.002778316,30,0.025307623,235000,0.235,6.529043221,257.9872145
Streptomycin,Mycin,OAT1,BtoA,24,Cell,Lysate,0.003223356,30,0.025307623,235000,0.235,7.574886502,299.3124418
Streptomycin,Mycin,OAT1,BtoA,24,Cell,Lysate,0.003288793,30,0.025307623,235000,0.235,7.728664016,305.3887735
Streptomycin,Mycin,OAT1,BtoA,24,Cell,Lysate,0.003235303,30,0.025307623,235000,0.235,7.602962571,300.4218336
Tobramycin,Mycin,OAT1,AtoB,24,Lumen,Top,16.46228546,75,75,75000,0.075,12346.71409,164.6228546
Tobramycin,Mycin,OAT1,AtoB,24,Lumen,Top,19.65343068,75,75,75000,0.075,14740.07301,196.5343068
Tobramycin,Mycin,OAT1,AtoB,24,Lumen,Top,26.47364732,75,75,75000,0.075,19855.23549,264.7364732
Tobramycin,Mycin,OAT1,AtoB,24,Lumen,Top,30.68188728,75,75,75000,0.075,23011.41546,306.8188728
Tobramycin,Mycin,OAT1,AtoB,24,Blood,Bottom,74.54381647,235,235,75000,0.075,55907.86235,237.9057973
Tobramycin,Mycin,OAT1,AtoB,24,Blood,Bottom,86.95057733,235,235,75000,0.075,65212.933,277.5018425
Tobramycin,Mycin,OAT1,AtoB,24,Blood,Bottom,68.5777966,235,235,75000,0.075,51433.34745,218.8653083
Tobramycin,Mycin,OAT1,AtoB,24,Blood,Bottom,73.50433582,235,235,75000,0.075,55128.25186,234.5883058
Tobramycin,Mycin,OAT1,AtoB,24,Cell,Lysate,0.615978243,30,0.025307623,75000,0.075,461.9836822,18254.72421
Tobramycin,Mycin,OAT1,AtoB,24,Cell,Lysate,0.427756545,30,0.025307623,75000,0.075,320.8174088,12676.71033
Tobramycin,Mycin,OAT1,AtoB,24,Cell,Lysate,0.163361071,30,0.025307623,75000,0.075,122.5208034,4841.260765
Tobramycin,Mycin,OAT1,AtoB,24,Cell,Lysate,1.945127199,30,0.025307623,75000,0.075,1458.8454,57644.50446
Tobramycin,Mycin,OAT1,BtoA,24,Blood,Bottom,84.66679905,235,235,235000,0.235,198966.9778,846.6679905
Tobramycin,Mycin,OAT1,BtoA,24,Blood,Bottom,83.81679489,235,235,235000,0.235,196969.468,838.1679489
Tobramycin,Mycin,OAT1,BtoA,24,Blood,Bottom,83.79785542,235,235,235000,0.235,196924.9602,837.9785542
Tobramycin,Mycin,OAT1,BtoA,24,Blood,Bottom,120.982172,235,235,235000,0.235,284308.1042,1209.82172
Tobramycin,Mycin,OAT1,BtoA,24,Lumen,Top,7.811120374,75,75,235000,0.235,18356.13288,244.7484384
Tobramycin,Mycin,OAT1,BtoA,24,Lumen,Top,9.89422634,75,75,235000,0.235,23251.4319,310.019092
Tobramycin,Mycin,OAT1,BtoA,24,Lumen,Top,5.191146939,75,75,235000,0.235,12199.19531,162.6559374
Tobramycin,Mycin,OAT1,BtoA,24,Lumen,Top,2.141298936,75,75,235000,0.235,5032.052499,67.09403332
Tobramycin,Mycin,OAT1,BtoA,24,Cell,Lysate,0.756243561,30,0.025307623,235000,0.235,1777.172368,70222.80805
Tobramycin,Mycin,OAT1,BtoA,24,Cell,Lysate,0.120648193,30,0.025307623,235000,0.235,283.5232543,11203.07711
Tobramycin,Mycin,OAT1,BtoA,24,Cell,Lysate,0.195773447,30,0.025307623,235000,0.235,460.0676009,18179.01258
Tobramycin,Mycin,OAT1,BtoA,24,Cell,Lysate,0.625920849,30,0.025307623,235000,0.235,1470.913995,58121.38034
Colchicine,Small Molecules,OAT1,AtoB,24,Lumen,Top,50.10505172,75,75,750,0.00075,375.7878879,5.010505172
Colchicine,Small Molecules,OAT1,AtoB,24,Lumen,Top,51.07459138,75,75,750,0.00075,383.0594354,5.107459138
Colchicine,Small Molecules,OAT1,AtoB,24,Lumen,Top,52.87717099,75,75,750,0.00075,396.5787824,5.287717099
Colchicine,Small Molecules,OAT1,AtoB,24,Lumen,Top,57.56125786,75,75,750,0.00075,431.7094339,5.756125786
Colchicine,Small Molecules,OAT1,AtoB,24,Blood,Bottom,42.02762626,235,235,750,0.00075,315.207197,1.341307221
Colchicine,Small Molecules,OAT1,AtoB,24,Blood,Bottom,40.33015846,235,235,750,0.00075,302.4761884,1.287132717
Colchicine,Small Molecules,OAT1,AtoB,24,Blood,Bottom,55.86769932,235,235,750,0.00075,419.0077449,1.78301168
Colchicine,Small Molecules,OAT1,AtoB,24,Blood,Bottom,50.01800078,235,235,750,0.00075,375.1350058,1.596319174
Colchicine,Small Molecules,OAT1,AtoB,24,Cell,Lysate,0.006208927,30,0.025307623,750,0.00075,0.046566956,1.840036711
Colchicine,Small Molecules,OAT1,AtoB,24,Cell,Lysate,0.11662491,30,0.025307623,750,0.00075,0.874686824,34.5621877
Colchicine,Small Molecules,OAT1,AtoB,24,Cell,Lysate,0.01090371,30,0.025307623,750,0.00075,0.081777823,3.231351386
Colchicine,Small Molecules,OAT1,AtoB,24,Cell,Lysate,0.004705687,30,0.025307623,750,0.00075,0.035292656,1.394546432
Colchicine,Small Molecules,OAT1,BtoA,24,Blood,Bottom,84.66988328,235,235,2350,0.00235,1989.742257,8.466988328
Colchicine,Small Molecules,OAT1,BtoA,24,Blood,Bottom,86.72733104,235,235,2350,0.00235,2038.092279,8.672733104
Colchicine,Small Molecules,OAT1,BtoA,24,Blood,Bottom,93.77217221,235,235,2350,0.00235,2203.646047,9.377217221
Colchicine,Small Molecules,OAT1,BtoA,24,Blood,Bottom,88.30721617,235,235,2350,0.00235,2075.21958,8.830721617
Colchicine,Small Molecules,OAT1,BtoA,24,Lumen,Top,10.64024707,75,75,2350,0.00235,250.0458061,3.333944081
Colchicine,Small Molecules,OAT1,BtoA,24,Lumen,Top,12.01262097,75,75,2350,0.00235,282.2965927,3.76395457
Colchicine,Small Molecules,OAT1,BtoA,24,Lumen,Top,12.98779494,75,75,2350,0.00235,305.2131812,4.069509082
Colchicine,Small Molecules,OAT1,BtoA,24,Lumen,Top,10.86814201,75,75,2350,0.00235,255.4013373,3.405351164
Colchicine,Small Molecules,OAT1,BtoA,24,Cell,Lysate,0.004707694,30,0.025307623,2350,0.00235,0.110630806,4.37144197
Colchicine,Small Molecules,OAT1,BtoA,24,Cell,Lysate,0.004835839,30,0.025307623,2350,0.00235,0.113642224,4.490434474
Colchicine,Small Molecules,OAT1,BtoA,24,Cell,Lysate,0.00327836,30,0.025307623,2350,0.00235,0.077041449,3.044199321
Colchicine,Small Molecules,OAT1,BtoA,24,Cell,Lysate,0.001770426,30,0.025307623,2350,0.00235,0.041605015,1.643971631
PFBA,PFAS,OAT1,AtoB,24,Lumen,Top,55.07897226,75,75,375,0.000375,206.546146,2.753948613
PFBA,PFAS,OAT1,AtoB,24,Lumen,Top,54.39555017,75,75,375,0.000375,203.9833131,2.719777508
PFBA,PFAS,OAT1,AtoB,24,Lumen,Top,48.92639978,75,75,375,0.000375,183.4739992,2.446319989
PFBA,PFAS,OAT1,AtoB,24,Lumen,Top,51.87768903,75,75,375,0.000375,194.5413339,2.593884451
PFBA,PFAS,OAT1,AtoB,24,Blood,Bottom,44.37882542,235,235,375,0.000375,166.4205953,0.708172746
PFBA,PFAS,OAT1,AtoB,24,Blood,Bottom,43.90259039,235,235,375,0.000375,164.634714,0.700573251
PFBA,PFAS,OAT1,AtoB,24,Blood,Bottom,63.70586544,235,235,375,0.000375,238.8969954,1.016582959
PFBA,PFAS,OAT1,AtoB,24,Blood,Bottom,37.53162029,235,235,375,0.000375,140.7435761,0.598908834
PFBA,PFAS,OAT1,AtoB,24,Cell,Lysate,0.085059685,30,0.025307623,375,0.000375,0.318973817,12.60386306
PFBA,PFAS,OAT1,AtoB,24,Cell,Lysate,0.072023959,30,0.025307623,375,0.000375,0.270089846,10.67227228
PFBA,PFAS,OAT1,AtoB,24,Cell,Lysate,0.023257431,30,0.025307623,375,0.000375,0.087215366,3.446209291
PFBA,PFAS,OAT1,AtoB,24,Cell,Lysate,0.022146147,30,0.025307623,375,0.000375,0.083048052,3.281542909
PFBA,PFAS,OAT1,BtoA,24,Blood,Bottom,85.49496936,235,235,1175,0.001175,1004.56589,4.274748468
PFBA,PFAS,OAT1,BtoA,24,Blood,Bottom,81.63777423,235,235,1175,0.001175,959.2438472,4.081888712
PFBA,PFAS,OAT1,BtoA,24,Blood,Bottom,81.37569469,235,235,1175,0.001175,956.1644126,4.068784734
PFBA,PFAS,OAT1,BtoA,24,Blood,Bottom,79.73144367,235,235,1175,0.001175,936.8444631,3.986572183
PFBA,PFAS,OAT1,BtoA,24,Lumen,Top,14.44238672,75,75,1175,0.001175,169.6980439,2.262640586
PFBA,PFAS,OAT1,BtoA,24,Lumen,Top,12.7445891,75,75,1175,0.001175,149.748922,1.996652293
PFBA,PFAS,OAT1,BtoA,24,Lumen,Top,12.8439321,75,75,1175,0.001175,150.9162022,2.01221603
PFBA,PFAS,OAT1,BtoA,24,Lumen,Top,31.07627634,75,75,1175,0.001175,365.146247,4.868616627
PFBA,PFAS,OAT1,BtoA,24,Cell,Lysate,0.201989729,30,0.025307623,1175,0.001175,2.373379319,93.78120177
PFBA,PFAS,OAT1,BtoA,24,Cell,Lysate,0.209206667,30,0.025307623,1175,0.001175,2.458178337,97.13193196
PFBA,PFAS,OAT1,BtoA,24,Cell,Lysate,0.157249436,30,0.025307623,1175,0.001175,1.847680868,73.00886582
PFBA,PFAS,OAT1,BtoA,24,Cell,Lysate,0.084487957,30,0.025307623,1175,0.001175,0.992733491,39.22665842
PFHxA,PFAS,OAT1,AtoB,24,Lumen,Top,58.53613543,75,75,375,0.000375,219.5105079,2.926806772
PFHxA,PFAS,OAT1,AtoB,24,Lumen,Top,135.1904267,75,75,375,0.000375,506.9641,6.759521333
PFHxA,PFAS,OAT1,AtoB,24,Lumen,Top,61.03135169,75,75,375,0.000375,228.8675688,3.051567585
PFHxA,PFAS,OAT1,AtoB,24,Lumen,Top,104.9226923,75,75,375,0.000375,393.4600963,5.246134617
PFHxA,PFAS,OAT1,AtoB,24,Blood,Bottom,9.090919704,235,235,375,0.000375,34.09094889,0.145067868
PFHxA,PFAS,OAT1,AtoB,24,Blood,Bottom,9.025296897,235,235,375,0.000375,33.84486337,0.144020695
PFHxA,PFAS,OAT1,AtoB,24,Blood,Bottom,7.646742929,235,235,375,0.000375,28.67528598,0.122022494
PFHxA,PFAS,OAT1,AtoB,24,Blood,Bottom,14.52253729,235,235,375,0.000375,54.45951486,0.231742616
PFHxA,PFAS,OAT1,AtoB,24,Cell,Lysate,0.0075858,30,0.025307623,375,0.000375,0.028446751,1.12403881
PFHxA,PFAS,OAT1,AtoB,24,Cell,Lysate,0.006932686,30,0.025307623,375,0.000375,0.025997573,1.027262545
PFHxA,PFAS,OAT1,AtoB,24,Cell,Lysate,0.013324637,30,0.025307623,375,0.000375,0.04996739,1.974400757
PFHxA,PFAS,OAT1,AtoB,24,Cell,Lysate,0.006053934,30,0.025307623,375,0.000375,0.022702251,0.897051873
PFHxA,PFAS,OAT1,BtoA,24,Blood,Bottom,91.06481304,235,235,1175,0.001175,1070.011553,4.553240652
PFHxA,PFAS,OAT1,BtoA,24,Blood,Bottom,88.17724432,235,235,1175,0.001175,1036.082621,4.408862216
PFHxA,PFAS,OAT1,BtoA,24,Blood,Bottom,69.2591873,235,235,1175,0.001175,813.7954508,3.462959365
PFHxA,PFAS,OAT1,BtoA,24,Blood,Bottom,81.57702003,235,235,1175,0.001175,958.5299854,4.078851002
PFHxA,PFAS,OAT1,BtoA,24,Lumen,Top,8.461677454,75,75,1175,0.001175,99.42471009,1.325662801
PFHxA,PFAS,OAT1,BtoA,24,Lumen,Top,14.42617924,75,75,1175,0.001175,169.5076061,2.260101415
PFHxA,PFAS,OAT1,BtoA,24,Lumen,Top,25.98605337,75,75,1175,0.001175,305.3361271,4.071148362
PFHxA,PFAS,OAT1,BtoA,24,Lumen,Top,20.99193546,75,75,1175,0.001175,246.6552417,3.288736556
PFHxA,PFAS,OAT1,BtoA,24,Cell,Lysate,0.013144128,30,0.025307623,1175,0.001175,0.154443506,6.102647596
PFHxA,PFAS,OAT1,BtoA,24,Cell,Lysate,0.010170507,30,0.025307623,1175,0.001175,0.119503462,4.722034181
PFHxA,PFAS,OAT1,BtoA,24,Cell,Lysate,0.010782989,30,0.025307623,1175,0.001175,0.12670012,5.006401373
PFHxA,PFAS,OAT1,BtoA,24,Cell,Lysate,0.02179214,30,0.025307623,1175,0.001175,0.256057643,10.11780681
Tenofovir TFV,Small Molecules,OAT1,AtoB,24,Lumen,Top,70.99291952,75,75,750,0.00075,532.4468964,7.099291952
Tenofovir TFV,Small Molecules,OAT1,AtoB,24,Lumen,Top,66.7154123,75,75,750,0.00075,500.3655923,6.67154123
Tenofovir TFV,Small Molecules,OAT1,AtoB,24,Lumen,Top,85.87561507,75,75,750,0.00075,644.067113,8.587561507
Tenofovir TFV,Small Molecules,OAT1,AtoB,24,Lumen,Top,87.45757159,75,75,750,0.00075,655.9317869,8.745757159
Tenofovir TFV,Small Molecules,OAT1,AtoB,24,Blood,Bottom,20.86349483,235,235,750,0.00075,156.4762113,0.665856218
Tenofovir TFV,Small Molecules,OAT1,AtoB,24,Blood,Bottom,21.3339386,235,235,750,0.00075,160.0045395,0.680870381
Tenofovir TFV,Small Molecules,OAT1,AtoB,24,Blood,Bottom,21.46757349,235,235,750,0.00075,161.0068011,0.685135324
Tenofovir TFV,Small Molecules,OAT1,AtoB,24,Blood,Bottom,21.52507458,235,235,750,0.00075,161.4380593,0.686970465
Tenofovir TFV,Small Molecules,OAT1,AtoB,24,Cell,Lysate,1.032132551,30,0.025307623,750,0.00075,7.740994135,305.8759832
Tenofovir TFV,Small Molecules,OAT1,AtoB,24,Cell,Lysate,1.046315484,30,0.025307623,750,0.00075,7.847366132,310.0791435
Tenofovir TFV,Small Molecules,OAT1,AtoB,24,Cell,Lysate,0.750629289,30,0.025307623,750,0.00075,5.629719669,222.4515364
Tenofovir TFV,Small Molecules,OAT1,AtoB,24,Cell,Lysate,0.939322704,30,0.025307623,750,0.00075,7.044920281,278.3714701
Tenofovir TFV,Small Molecules,OAT1,BtoA,24,Blood,Bottom,85.81346939,235,235,2350,0.00235,2016.616531,8.581346939
Tenofovir TFV,Small Molecules,OAT1,BtoA,24,Blood,Bottom,98.51336599,235,235,2350,0.00235,2315.064101,9.851336599
Tenofovir TFV,Small Molecules,OAT1,BtoA,24,Blood,Bottom,94.6674959,235,235,2350,0.00235,2224.686154,9.46674959
Tenofovir TFV,Small Molecules,OAT1,BtoA,24,Blood,Bottom,96.09845842,235,235,2350,0.00235,2258.313773,9.609845842
Tenofovir TFV,Small Molecules,OAT1,BtoA,24,Lumen,Top,5.102333012,75,75,2350,0.00235,119.9048258,1.59873101
Tenofovir TFV,Small Molecules,OAT1,BtoA,24,Lumen,Top,4.816574795,75,75,2350,0.00235,113.1895077,1.509193436
Tenofovir TFV,Small Molecules,OAT1,BtoA,24,Lumen,Top,4.830368041,75,75,2350,0.00235,113.513649,1.51351532
Tenofovir TFV,Small Molecules,OAT1,BtoA,24,Lumen,Top,5.928306852,75,75,2350,0.00235,139.315211,1.857536147
Tenofovir TFV,Small Molecules,OAT1,BtoA,24,Cell,Lysate,1.015224996,30,0.025307623,2350,0.00235,23.8577874,942.711498
Tenofovir TFV,Small Molecules,OAT1,BtoA,24,Cell,Lysate,1.157229272,30,0.025307623,2350,0.00235,27.1948879,1074.572972
Tenofovir TFV,Small Molecules,OAT1,BtoA,24,Cell,Lysate,0.982000545,30,0.025307623,2350,0.00235,23.0770128,911.860138
Tenofovir TFV,Small Molecules,OAT1,BtoA,24,Cell,Lysate,1.075172787,30,0.025307623,2350,0.00235,25.2665605,998.3774566
4:2 FTS,PFAS,OAT1,AtoB,4,Lumen,Top,98.11022841,75,75,375,0.000375,367.9133566,4.905511421
4:2 FTS,PFAS,OAT1,AtoB,4,Lumen,Top,106.737475,75,75,375,0.000375,400.2655313,5.336873751
4:2 FTS,PFAS,OAT1,AtoB,4,Lumen,Top,89.85235048,75,75,375,0.000375,336.9463143,4.492617524
4:2 FTS,PFAS,OAT1,AtoB,4,Lumen,Top,98.29392806,75,75,375,0.000375,368.6022302,4.914696403
4:2 FTS,PFAS,OAT1,AtoB,4,Blood,Bottom,1.814309105,235,235,375,0.000375,6.803659143,0.028951741
4:2 FTS,PFAS,OAT1,AtoB,4,Blood,Bottom,1.601654377,235,235,375,0.000375,6.006203913,0.025558315
4:2 FTS,PFAS,OAT1,AtoB,4,Blood,Bottom,2.00120392,235,235,375,0.000375,7.504514699,0.031934105
4:2 FTS,PFAS,OAT1,AtoB,4,Blood,Bottom,1.588850629,235,235,375,0.000375,5.958189857,0.025353999
4:2 FTS,PFAS,OAT1,BtoA,4,Blood,Bottom,80.85990302,235,235,1175,0.001175,950.1038605,4.042995151
4:2 FTS,PFAS,OAT1,BtoA,4,Blood,Bottom,74.94455689,235,235,1175,0.001175,880.5985435,3.747227845
4:2 FTS,PFAS,OAT1,BtoA,4,Blood,Bottom,139.924036,235,235,1175,0.001175,1644.107422,6.996201798
4:2 FTS,PFAS,OAT1,BtoA,4,Blood,Bottom,102.6893702,235,235,1175,0.001175,1206.600099,5.134468508
4:2 FTS,PFAS,OAT1,BtoA,4,Lumen,Top,0.500160847,75,75,1175,0.001175,5.876889949,0.078358533
4:2 FTS,PFAS,OAT1,BtoA,4,Lumen,Top,0.453154524,75,75,1175,0.001175,5.324565654,0.070994209
4:2 FTS,PFAS,OAT1,BtoA,4,Lumen,Top,0.341341063,75,75,1175,0.001175,4.010757493,0.053476767
4:2 FTS,PFAS,OAT1,BtoA,4,Lumen,Top,0.287477525,75,75,1175,0.001175,3.37786092,0.045038146
6:2 FTS,PFAS,OAT1,AtoB,4,Lumen,Top,111.1313178,75,75,375,0.000375,416.7424418,5.55656589
6:2 FTS,PFAS,OAT1,AtoB,4,Lumen,Top,82.80098001,75,75,375,0.000375,310.503675,4.140049
6:2 FTS,PFAS,OAT1,AtoB,4,Lumen,Top,102.2613547,75,75,375,0.000375,383.4800803,5.113067737
6:2 FTS,PFAS,OAT1,AtoB,4,Lumen,Top,98.26611679,75,75,375,0.000375,368.497938,4.913305839
6:2 FTS,PFAS,OAT1,AtoB,4,Blood,Bottom,1.49956725,235,235,375,0.000375,5.623377189,0.023929265
6:2 FTS,PFAS,OAT1,AtoB,4,Blood,Bottom,1.690641033,235,235,375,0.000375,6.339903874,0.026978314
6:2 FTS,PFAS,OAT1,AtoB,4,Blood,Bottom,1.463092782,235,235,375,0.000375,5.486597934,0.023347225
6:2 FTS,PFAS,OAT1,AtoB,4,Blood,Bottom,0.886929585,235,235,375,0.000375,3.325985944,0.014153132
6:2 FTS,PFAS,OAT1,BtoA,4,Blood,Bottom,73.86506596,235,235,1175,0.001175,867.9145251,3.693253298
6:2 FTS,PFAS,OAT1,BtoA,4,Blood,Bottom,104.5592092,235,235,1175,0.001175,1228.570708,5.227960461
6:2 FTS,PFAS,OAT1,BtoA,4,Blood,Bottom,100.185732,235,235,1175,0.001175,1177.182351,5.009286601
6:2 FTS,PFAS,OAT1,BtoA,4,Blood,Bottom,117.6927256,235,235,1175,0.001175,1382.889526,5.88463628
6:2 FTS,PFAS,OAT1,BtoA,4,Lumen,Top,0.750649244,75,75,1175,0.001175,8.820128616,0.117601715
6:2 FTS,PFAS,OAT1,BtoA,4,Lumen,Top,1.185313615,75,75,1175,0.001175,13.92743498,0.185699133
6:2 FTS,PFAS,OAT1,BtoA,4,Lumen,Top,1.04852388,75,75,1175,0.001175,12.32015559,0.164268741
6:2 FTS,PFAS,OAT1,BtoA,4,Lumen,Top,0.712780447,75,75,1175,0.001175,8.375170258,0.111668937
8:2 FTS,PFAS,OAT1,AtoB,4,Lumen,Top,19.46167322,75,75,375,0.000375,72.98127457,0.973083661
8:2 FTS,PFAS,OAT1,AtoB,4,Lumen,Top,43.47156545,75,75,375,0.000375,163.0183704,2.173578272
8:2 FTS,PFAS,OAT1,AtoB,4,Lumen,Top,54.30721219,75,75,375,0.000375,203.6520457,2.71536061
8:2 FTS,PFAS,OAT1,AtoB,4,Lumen,Top,23.27066532,75,75,375,0.000375,87.26499493,1.163533266
8:2 FTS,PFAS,OAT1,AtoB,4,Blood,Bottom,54.30153557,235,235,375,0.000375,203.6307584,0.866513866
8:2 FTS,PFAS,OAT1,AtoB,4,Blood,Bottom,43.88823874,235,235,375,0.000375,164.5808953,0.700344235
8:2 FTS,PFAS,OAT1,AtoB,4,Blood,Bottom,94.47400624,235,235,375,0.000375,354.2775234,1.507563929
8:2 FTS,PFAS,OAT1,AtoB,4,Blood,Bottom,66.82510326,235,235,375,0.000375,250.5941372,1.066358031
8:2 FTS,PFAS,OAT1,BtoA,4,Blood,Bottom,54.64529478,235,235,1175,0.001175,642.0822136,2.732264739
8:2 FTS,PFAS,OAT1,BtoA,4,Blood,Bottom,150.7140374,235,235,1175,0.001175,1770.889939,7.535701869
8:2 FTS,PFAS,OAT1,BtoA,4,Blood,Bottom,32.12729519,235,235,1175,0.001175,377.4957185,1.60636476
8:2 FTS,PFAS,OAT1,BtoA,4,Blood,Bottom,89.65921323,235,235,1175,0.001175,1053.495755,4.482960661
8:2 FTS,PFAS,OAT1,BtoA,4,Lumen,Top,11.3308634,75,75,1175,0.001175,133.1376449,1.775168599
8:2 FTS,PFAS,OAT1,BtoA,4,Lumen,Top,16.07412827,75,75,1175,0.001175,188.8710071,2.518280095
8:2 FTS,PFAS,OAT1,BtoA,4,Lumen,Top,16.53357964,75,75,1175,0.001175,194.2695607,2.59026081
8:2 FTS,PFAS,OAT1,BtoA,4,Lumen,Top,28.91558813,75,75,1175,0.001175,339.7581605,4.530108807
PFDA,PFAS,OAT1,AtoB,4,Lumen,Top,24.94523642,75,75,375,0.000375,93.54463656,1.247261821
PFDA,PFAS,OAT1,AtoB,4,Lumen,Top,53.405784,75,75,375,0.000375,200.27169,2.6702892
PFDA,PFAS,OAT1,AtoB,4,Lumen,Top,42.85726422,75,75,375,0.000375,160.7147408,2.142863211
PFDA,PFAS,OAT1,AtoB,4,Lumen,Top,25.45659081,75,75,375,0.000375,95.46221553,1.27282954
PFDA,PFAS,OAT1,AtoB,4,Blood,Bottom,49.85039035,235,235,375,0.000375,186.9389638,0.795484952
PFDA,PFAS,OAT1,AtoB,4,Blood,Bottom,53.37769886,235,235,375,0.000375,200.1663707,0.85177179
PFDA,PFAS,OAT1,AtoB,4,Blood,Bottom,95.42162498,235,235,375,0.000375,357.8310937,1.522685505
PFDA,PFAS,OAT1,AtoB,4,Blood,Bottom,54.68541035,235,235,375,0.000375,205.0702888,0.872639527
PFDA,PFAS,OAT1,BtoA,4,Blood,Bottom,61.79527173,235,235,1175,0.001175,726.0944429,3.089763587
PFDA,PFAS,OAT1,BtoA,4,Blood,Bottom,76.07674322,235,235,1175,0.001175,893.9017328,3.803837161
PFDA,PFAS,OAT1,BtoA,4,Blood,Bottom,125.7394036,235,235,1175,0.001175,1477.437992,6.28697018
PFDA,PFAS,OAT1,BtoA,4,Blood,Bottom,79.50212644,235,235,1175,0.001175,934.1499856,3.975106322
PFDA,PFAS,OAT1,BtoA,4,Lumen,Top,25.36198681,75,75,1175,0.001175,298.0033451,3.973377934
PFDA,PFAS,OAT1,BtoA,4,Lumen,Top,11.80216803,75,75,1175,0.001175,138.6754743,1.849006324
PFDA,PFAS,OAT1,BtoA,4,Lumen,Top,14.11776093,75,75,1175,0.001175,165.8836909,2.211782546
PFDA,PFAS,OAT1,BtoA,4,Lumen,Top,5.60453924,75,75,1175,0.001175,65.85333606,0.878044481
PFPeA,PFAS,OAT1,AtoB,4,Lumen,Top,87.41755682,75,75,375,0.000375,327.8158381,4.370877841
PFPeA,PFAS,OAT1,AtoB,4,Lumen,Top,177.2233511,75,75,375,0.000375,664.5875667,8.861167555
PFPeA,PFAS,OAT1,AtoB,4,Lumen,Top,78.79699664,75,75,375,0.000375,295.4887374,3.939849832
PFPeA,PFAS,OAT1,AtoB,4,Lumen,Top,48.86289019,75,75,375,0.000375,183.2358382,2.443144509
PFPeA,PFAS,OAT1,AtoB,4,Blood,Bottom,1.855099955,235,235,375,0.000375,6.956624831,0.029602659
PFPeA,PFAS,OAT1,AtoB,4,Blood,Bottom,1.668740246,235,235,375,0.000375,6.257775923,0.026628834
PFPeA,PFAS,OAT1,AtoB,4,Blood,Bottom,2.048301106,235,235,375,0.000375,7.681129148,0.032685656
PFPeA,PFAS,OAT1,AtoB,4,Blood,Bottom,2.127063932,235,235,375,0.000375,7.976489746,0.03394251
PFPeA,PFAS,OAT1,BtoA,4,Blood,Bottom,105.7454267,235,235,1175,0.001175,1242.508763,5.287271333
PFPeA,PFAS,OAT1,BtoA,4,Blood,Bottom,58.38610976,235,235,1175,0.001175,686.0367897,2.919305488
PFPeA,PFAS,OAT1,BtoA,4,Blood,Bottom,110.8870574,235,235,1175,0.001175,1302.922924,5.54435287
PFPeA,PFAS,OAT1,BtoA,4,Blood,Bottom,122.3669565,235,235,1175,0.001175,1437.811739,6.118347826
PFPeA,PFAS,OAT1,BtoA,4,Lumen,Top,0.966415708,75,75,1175,0.001175,11.35538457,0.151405128
PFPeA,PFAS,OAT1,BtoA,4,Lumen,Top,0.589081604,75,75,1175,0.001175,6.921708843,0.092289451
PFPeA,PFAS,OAT1,BtoA,4,Lumen,Top,0.737166768,75,75,1175,0.001175,8.661709527,0.11548946
PFPeA,PFAS,OAT1,BtoA,4,Lumen,Top,0.321785564,75,75,1175,0.001175,3.780980382,0.050413072
PFUnDA,PFAS,OAT1,AtoB,4,Lumen,Top,16.59234536,75,75,375,0.000375,62.22129512,0.829617268
PFUnDA,PFAS,OAT1,AtoB,4,Lumen,Top,46.40611115,75,75,375,0.000375,174.0229168,2.320305558
PFUnDA,PFAS,OAT1,AtoB,4,Lumen,Top,24.07205391,75,75,375,0.000375,90.27020218,1.203602696
PFUnDA,PFAS,OAT1,AtoB,4,Lumen,Top,9.844607106,75,75,375,0.000375,36.91727665,0.492230355
PFUnDA,PFAS,OAT1,AtoB,4,Blood,Bottom,104.1688037,235,235,375,0.000375,390.633014,1.662268145
PFUnDA,PFAS,OAT1,AtoB,4,Blood,Bottom,70.94284166,235,235,375,0.000375,266.0356562,1.132066622
PFUnDA,PFAS,OAT1,AtoB,4,Blood,Bottom,52.13503239,235,235,375,0.000375,195.5063715,0.831942006
PFUnDA,PFAS,OAT1,AtoB,4,Blood,Bottom,75.83820467,235,235,375,0.000375,284.3932675,1.210184117
PFUnDA,PFAS,OAT1,BtoA,4,Blood,Bottom,100.9566749,235,235,1175,0.001175,1186.24093,5.047833743
PFUnDA,PFAS,OAT1,BtoA,4,Blood,Bottom,178.6023995,235,235,1175,0.001175,2098.578195,8.930119977
PFUnDA,PFAS,OAT1,BtoA,4,Blood,Bottom,32.34258194,235,235,1175,0.001175,380.0253377,1.617129097
PFUnDA,PFAS,OAT1,BtoA,4,Blood,Bottom,41.22464787,235,235,1175,0.001175,484.3896125,2.061232394
PFUnDA,PFAS,OAT1,BtoA,4,Lumen,Top,17.86161166,75,75,1175,0.001175,209.873937,2.798319161
PFUnDA,PFAS,OAT1,BtoA,4,Lumen,Top,6.459771614,75,75,1175,0.001175,75.90231647,1.012030886
PFUnDA,PFAS,OAT1,BtoA,4,Lumen,Top,12.80554838,75,75,1175,0.001175,150.4651935,2.006202579
PFUnDA,PFAS,OAT1,BtoA,4,Lumen,Top,9.746764123,75,75,1175,0.001175,114.5244784,1.526993046
PFHpA,PFAS,OAT1,AtoB,4,Lumen,Top,129.7209319,75,75,375,0.000375,486.4534948,6.486046597
PFHpA,PFAS,OAT1,AtoB,4,Lumen,Top,85.98392878,75,75,375,0.000375,322.4397329,4.299196439
PFHpA,PFAS,OAT1,AtoB,4,Lumen,Top,64.63383155,75,75,375,0.000375,242.3768683,3.231691578
PFHpA,PFAS,OAT1,AtoB,4,Lumen,Top,74.83943682,75,75,375,0.000375,280.6478881,3.741971841
PFHpA,PFAS,OAT1,AtoB,4,Blood,Bottom,10.36049581,235,235,375,0.000375,38.8518593,0.165327061
PFHpA,PFAS,OAT1,AtoB,4,Blood,Bottom,13.00912718,235,235,375,0.000375,48.78422694,0.207592455
PFHpA,PFAS,OAT1,AtoB,4,Blood,Bottom,8.156000318,235,235,375,0.000375,30.58500119,0.130148941
PFHpA,PFAS,OAT1,AtoB,4,Blood,Bottom,13.29624758,235,235,375,0.000375,49.86092841,0.212174163
PFHpA,PFAS,OAT1,BtoA,4,Blood,Bottom,117.7761224,235,235,1175,0.001175,1383.869438,5.888806121
PFHpA,PFAS,OAT1,BtoA,4,Blood,Bottom,111.8342587,235,235,1175,0.001175,1314.052539,5.591712934
PFHpA,PFAS,OAT1,BtoA,4,Blood,Bottom,83.72970283,235,235,1175,0.001175,983.8240083,4.186485142
PFHpA,PFAS,OAT1,BtoA,4,Blood,Bottom,78.84336144,235,235,1175,0.001175,926.4094969,3.942168072
PFHpA,PFAS,OAT1,BtoA,4,Lumen,Top,1.757087159,75,75,1175,0.001175,20.64577412,0.275276988
PFHpA,PFAS,OAT1,BtoA,4,Lumen,Top,1.908856934,75,75,1175,0.001175,22.42906898,0.299054253
PFHpA,PFAS,OAT1,BtoA,4,Lumen,Top,2.310045386,75,75,1175,0.001175,27.14303329,0.36190711
PFHpA,PFAS,OAT1,BtoA,4,Lumen,Top,1.840565148,75,75,1175,0.001175,21.62664049,0.288355207
PFHxS,PFAS,OAT1,AtoB,4,Lumen,Top,94.05862482,75,75,375,0.000375,352.7198431,4.702931241
PFHxS,PFAS,OAT1,AtoB,4,Lumen,Top,103.2907994,75,75,375,0.000375,387.3404979,5.164539972
PFHxS,PFAS,OAT1,AtoB,4,Lumen,Top,94.64839567,75,75,375,0.000375,354.9314838,4.732419784
PFHxS,PFAS,OAT1,AtoB,4,Lumen,Top,97.23142262,75,75,375,0.000375,364.6178348,4.861571131
PFHxS,PFAS,OAT1,AtoB,4,Blood,Bottom,2.725058329,235,235,375,0.000375,10.21896873,0.043484973
PFHxS,PFAS,OAT1,AtoB,4,Blood,Bottom,2.496588122,235,235,375,0.000375,9.362205459,0.039839172
PFHxS,PFAS,OAT1,AtoB,4,Blood,Bottom,2.958875442,235,235,375,0.000375,11.09578291,0.047216097
PFHxS,PFAS,OAT1,AtoB,4,Blood,Bottom,2.590235539,235,235,375,0.000375,9.71338327,0.041333546
PFHxS,PFAS,OAT1,BtoA,4,Blood,Bottom,108.0219352,235,235,1175,0.001175,1269.257738,5.401096759
PFHxS,PFAS,OAT1,BtoA,4,Blood,Bottom,84.1280561,235,235,1175,0.001175,988.5046592,4.206402805
PFHxS,PFAS,OAT1,BtoA,4,Blood,Bottom,78.52497325,235,235,1175,0.001175,922.6684356,3.926248662
PFHxS,PFAS,OAT1,BtoA,4,Blood,Bottom,128.2715693,235,235,1175,0.001175,1507.19094,6.413578466
PFHxS,PFAS,OAT1,BtoA,4,Lumen,Top,0.149257489,75,75,1175,0.001175,1.753775499,0.023383673
PFHxS,PFAS,OAT1,BtoA,4,Lumen,Top,0.397019701,75,75,1175,0.001175,4.664981486,0.062199753
PFHxS,PFAS,OAT1,BtoA,4,Lumen,Top,0.402209931,75,75,1175,0.001175,4.725966692,0.063012889
PFHxS,PFAS,OAT1,BtoA,4,Lumen,Top,0.10497902,75,75,1175,0.001175,1.233503487,0.016446713
PFNA,PFAS,OAT1,AtoB,4,Lumen,Top,64.22526864,75,75,375,0.000375,240.8447574,3.211263432
PFNA,PFAS,OAT1,AtoB,4,Lumen,Top,175.2401063,75,75,375,0.000375,657.1503987,8.762005316
PFNA,PFAS,OAT1,AtoB,4,Lumen,Top,56.70686551,75,75,375,0.000375,212.6507456,2.835343275
PFNA,PFAS,OAT1,AtoB,4,Lumen,Top,64.95576653,75,75,375,0.000375,243.5841245,3.247788327
PFNA,PFAS,OAT1,AtoB,4,Blood,Bottom,9.049754478,235,235,375,0.000375,33.93657929,0.144410976
PFNA,PFAS,OAT1,AtoB,4,Blood,Bottom,10.68690351,235,235,375,0.000375,40.07588815,0.170535694
PFNA,PFAS,OAT1,AtoB,4,Blood,Bottom,9.812838433,235,235,375,0.000375,36.79814412,0.156587847
PFNA,PFAS,OAT1,AtoB,4,Blood,Bottom,9.322496591,235,235,375,0.000375,34.95936222,0.148763243
PFNA,PFAS,OAT1,BtoA,4,Blood,Bottom,76.39070628,235,235,1175,0.001175,897.5907988,3.819535314
PFNA,PFAS,OAT1,BtoA,4,Blood,Bottom,96.54040015,235,235,1175,0.001175,1134.349702,4.827020008
PFNA,PFAS,OAT1,BtoA,4,Blood,Bottom,97.18981879,235,235,1175,0.001175,1141.980371,4.859490939
PFNA,PFAS,OAT1,BtoA,4,Blood,Bottom,125.102945,235,235,1175,0.001175,1469.959604,6.255147251
PFNA,PFAS,OAT1,BtoA,4,Lumen,Top,1.010627618,75,75,1175,0.001175,11.87487451,0.15833166
PFNA,PFAS,OAT1,BtoA,4,Lumen,Top,1.348714828,75,75,1175,0.001175,15.84739923,0.211298656
PFNA,PFAS,OAT1,BtoA,4,Lumen,Top,1.170558517,75,75,1175,0.001175,13.75406257,0.183387501
PFNA,PFAS,OAT1,BtoA,4,Lumen,Top,1.246228791,75,75,1175,0.001175,14.6431883,0.195242511
PFOA,PFAS,OAT1,AtoB,4,Lumen,Top,73.00165853,75,75,375,0.000375,273.7562195,3.650082926
PFOA,PFAS,OAT1,AtoB,4,Lumen,Top,94.86728822,75,75,375,0.000375,355.7523308,4.743364411
PFOA,PFAS,OAT1,AtoB,4,Lumen,Top,102.4079213,75,75,375,0.000375,384.029705,5.120396067
PFOA,PFAS,OAT1,AtoB,4,Lumen,Top,109.1041667,75,75,375,0.000375,409.1406251,5.455208335
PFOA,PFAS,OAT1,AtoB,4,Blood,Bottom,4.192703745,235,235,375,0.000375,15.72263904,0.066904847
PFOA,PFAS,OAT1,AtoB,4,Blood,Bottom,5.054211349,235,235,375,0.000375,18.95329256,0.080652309
PFOA,PFAS,OAT1,AtoB,4,Blood,Bottom,5.856864947,235,235,375,0.000375,21.96324355,0.093460611
PFOA,PFAS,OAT1,AtoB,4,Blood,Bottom,5.515185167,235,235,375,0.000375,20.68194438,0.088008274
PFOA,PFAS,OAT1,BtoA,4,Blood,Bottom,89.98002456,235,235,1175,0.001175,1057.265289,4.499001228
PFOA,PFAS,OAT1,BtoA,4,Blood,Bottom,101.1709361,235,235,1175,0.001175,1188.758499,5.058546806
PFOA,PFAS,OAT1,BtoA,4,Blood,Bottom,98.79467004,235,235,1175,0.001175,1160.837373,4.939733502
PFOA,PFAS,OAT1,BtoA,4,Blood,Bottom,105.8788423,235,235,1175,0.001175,1244.076397,5.293942114
PFOA,PFAS,OAT1,BtoA,4,Lumen,Top,0.996457257,75,75,1175,0.001175,11.70837276,0.156111637
PFOA,PFAS,OAT1,BtoA,4,Lumen,Top,1.186234132,75,75,1175,0.001175,13.93825105,0.185843347
PFOA,PFAS,OAT1,BtoA,4,Lumen,Top,1.072787604,75,75,1175,0.001175,12.60525435,0.168070058
PFOA,PFAS,OAT1,BtoA,4,Lumen,Top,0.920048019,75,75,1175,0.001175,10.81056422,0.144140856
PFOS,PFAS,OAT1,AtoB,4,Lumen,Top,44.05668925,75,75,375,0.000375,165.2125847,2.202834463
PFOS,PFAS,OAT1,AtoB,4,Lumen,Top,28.22117956,75,75,375,0.000375,105.8294233,1.411058978
PFOS,PFAS,OAT1,AtoB,4,Lumen,Top,63.68266773,75,75,375,0.000375,238.810004,3.184133387
PFOS,PFAS,OAT1,AtoB,4,Lumen,Top,55.21124125,75,75,375,0.000375,207.0421547,2.760562063
PFOS,PFAS,OAT1,AtoB,4,Blood,Bottom,93.18160165,235,235,375,0.000375,349.4310062,1.486940452
PFOS,PFAS,OAT1,AtoB,4,Blood,Bottom,34.54052954,235,235,375,0.000375,129.5269858,0.551178663
PFOS,PFAS,OAT1,AtoB,4,Blood,Bottom,55.39146419,235,235,375,0.000375,207.7179907,0.883906344
PFOS,PFAS,OAT1,AtoB,4,Blood,Bottom,25.71462682,235,235,375,0.000375,96.42985057,0.41033979
PFOS,PFAS,OAT1,BtoA,4,Blood,Bottom,98.10822676,235,235,1175,0.001175,1152.771664,4.905411338
PFOS,PFAS,OAT1,BtoA,4,Blood,Bottom,69.044873,235,235,1175,0.001175,811.2772578,3.45224365
PFOS,PFAS,OAT1,BtoA,4,Blood,Bottom,79.05136719,235,235,1175,0.001175,928.8535645,3.952568359
PFOS,PFAS,OAT1,BtoA,4,Blood,Bottom,103.6338525,235,235,1175,0.001175,1217.697766,5.181692623
PFOS,PFAS,OAT1,BtoA,4,Lumen,Top,9.473330889,75,75,1175,0.001175,111.3116379,1.484155173
PFOS,PFAS,OAT1,BtoA,4,Lumen,Top,12.30638856,75,75,1175,0.001175,144.6000656,1.928000874
PFOS,PFAS,OAT1,BtoA,4,Lumen,Top,7.531256037,75,75,1175,0.001175,88.49225843,1.179896779
PFOS,PFAS,OAT1,BtoA,4,Lumen,Top,9.783524318,75,75,1175,0.001175,114.9564107,1.532752143
PFBS,PFAS,OAT1,AtoB,4,Lumen,Top,150.0631347,75,75,375,0.000375,562.7367551,7.503156734
PFBS,PFAS,OAT1,AtoB,4,Lumen,Top,46.22676115,75,75,375,0.000375,173.3503543,2.311338058
PFBS,PFAS,OAT1,AtoB,4,Lumen,Top,153.2300379,75,75,375,0.000375,574.6126421,7.661501895
PFBS,PFAS,OAT1,AtoB,4,Lumen,Top,19.74661596,75,75,375,0.000375,74.04980984,0.987330798
PFBS,PFAS,OAT1,AtoB,4,Blood,Bottom,0.890017069,235,235,375,0.000375,3.337564011,0.0142024
PFBS,PFAS,OAT1,AtoB,4,Blood,Bottom,2.820087096,235,235,375,0.000375,10.57532661,0.04500139
PFBS,PFAS,OAT1,AtoB,4,Blood,Bottom,17.58651426,235,235,375,0.000375,65.94942849,0.280635866
PFBS,PFAS,OAT1,AtoB,4,Blood,Bottom,9.436831874,235,235,375,0.000375,35.38811953,0.150587743
PFBS,PFAS,OAT1,BtoA,4,Blood,Bottom,125.1939617,235,235,1175,0.001175,1471.029051,6.259698087
PFBS,PFAS,OAT1,BtoA,4,Blood,Bottom,73.3663433,235,235,1175,0.001175,862.0545338,3.668317165
PFBS,PFAS,OAT1,BtoA,4,Blood,Bottom,95.67596408,235,235,1175,0.001175,1124.192578,4.783798204
PFBS,PFAS,OAT1,BtoA,4,Blood,Bottom,98.26898843,235,235,1175,0.001175,1154.660614,4.913449422
PFBS,PFAS,OAT1,BtoA,4,Lumen,Top,0.502228625,75,75,1175,0.001175,5.901186341,0.078682485
PFBS,PFAS,OAT1,BtoA,4,Lumen,Top,0.240106219,75,75,1175,0.001175,2.821248075,0.037616641
PFBS,PFAS,OAT1,BtoA,4,Lumen,Top,4.09655858,75,75,1175,0.001175,48.13456332,0.641794178
PFBS,PFAS,OAT1,BtoA,4,Lumen,Top,1.958488911,75,75,1175,0.001175,23.0122447,0.306829929
BP4,Small Molecules,OAT1,AtoB,4,Lumen,Top,93.97085177,75,75,750,0.00075,704.7813883,9.397085177
BP4,Small Molecules,OAT1,AtoB,4,Lumen,Top,98.84306365,75,75,750,0.00075,741.3229774,9.884306365
BP4,Small Molecules,OAT1,AtoB,4,Blood,Bottom,3.32524869,235,235,750,0.00075,24.93936518,0.106124958
BP4,Small Molecules,OAT1,AtoB,4,Blood,Bottom,3.860835884,235,235,750,0.00075,28.95626913,0.123218167
BP4,Small Molecules,OAT1,BtoA,4,Blood,Bottom,97.16983586,235,235,2350,0.00235,2283.491143,9.716983586
BP4,Small Molecules,OAT1,BtoA,4,Blood,Bottom,98.9353372,235,235,2350,0.00235,2324.980424,9.89353372
BP4,Small Molecules,OAT1,BtoA,4,Lumen,Top,1.906714595,75,75,2350,0.00235,44.80779298,0.59743724
BP4,Small Molecules,OAT1,BtoA,4,Lumen,Top,1.988112347,75,75,2350,0.00235,46.72064015,0.622941869
Gentamicin,Mycin,OAT1,AtoB,4,Lumen,Top,97.70754273,75,75,75000,0.075,73280.65705,977.0754273
Gentamicin,Mycin,OAT1,AtoB,4,Lumen,Top,82.86513856,75,75,75000,0.075,62148.85392,828.6513856
Gentamicin,Mycin,OAT1,AtoB,4,Lumen,Top,110.3114956,75,75,75000,0.075,82733.62171,1103.114956
Gentamicin,Mycin,OAT1,AtoB,4,Lumen,Top,104.1334841,75,75,75000,0.075,78100.1131,1041.334841
Gentamicin,Mycin,OAT1,AtoB,4,Blood,Bottom,1.117695542,235,235,75000,0.075,838.2716565,3.567113432
Gentamicin,Mycin,OAT1,AtoB,4,Blood,Bottom,1.111182847,235,235,75000,0.075,833.3871355,3.546328236
Gentamicin,Mycin,OAT1,AtoB,4,Blood,Bottom,1.216659253,235,235,75000,0.075,912.4944399,3.882955063
Gentamicin,Mycin,OAT1,AtoB,4,Blood,Bottom,1.536801331,235,235,75000,0.075,1152.600998,4.904685099
Gentamicin,Mycin,OAT1,BtoA,4,Blood,Bottom,105.81126,235,235,235000,0.235,248656.4611,1058.1126
Gentamicin,Mycin,OAT1,BtoA,4,Blood,Bottom,93.18171845,235,235,235000,0.235,218977.0384,931.8171845
Gentamicin,Mycin,OAT1,BtoA,4,Blood,Bottom,95.83971583,235,235,235000,0.235,225223.3322,958.3971583
Gentamicin,Mycin,OAT1,BtoA,4,Blood,Bottom,103.8694892,235,235,235000,0.235,244093.2996,1038.694892
Gentamicin,Mycin,OAT1,BtoA,4,Lumen,Top,0.421026881,75,75,235000,0.235,989.4131705,13.19217561
Gentamicin,Mycin,OAT1,BtoA,4,Lumen,Top,0.228749047,75,75,235000,0.235,537.5602596,7.167470128
Gentamicin,Mycin,OAT1,BtoA,4,Lumen,Top,0.30193184,75,75,235000,0.235,709.5398243,9.46053099
Gentamicin,Mycin,OAT1,BtoA,4,Lumen,Top,0.346108711,75,75,235000,0.235,813.3554708,10.84473961
Rifampin,Small Molecules,OAT1,AtoB,4,Lumen,Top,104.2670218,75,75,750,0.00075,782.0026636,10.42670218
Rifampin,Small Molecules,OAT1,AtoB,4,Lumen,Top,102.2616691,75,75,750,0.00075,766.9625179,10.22616691
Rifampin,Small Molecules,OAT1,AtoB,4,Lumen,Top,81.44339896,75,75,750,0.00075,610.8254922,8.144339896
Rifampin,Small Molecules,OAT1,AtoB,4,Lumen,Top,75.27472658,75,75,750,0.00075,564.5604494,7.527472658
Rifampin,Small Molecules,OAT1,AtoB,4,Blood,Bottom,5.78881936,235,235,750,0.00075,43.4161452,0.184749554
Rifampin,Small Molecules,OAT1,AtoB,4,Blood,Bottom,12.88684735,235,235,750,0.00075,96.65135514,0.411282362
Rifampin,Small Molecules,OAT1,AtoB,4,Blood,Bottom,9.473434842,235,235,750,0.00075,71.05076132,0.302343665
Rifampin,Small Molecules,OAT1,AtoB,4,Blood,Bottom,8.604082047,235,235,750,0.00075,64.53061535,0.274598363
Rifampin,Small Molecules,OAT1,BtoA,4,Blood,Bottom,93.72989586,235,235,2350,0.00235,2202.652553,9.372989586
Rifampin,Small Molecules,OAT1,BtoA,4,Blood,Bottom,91.20227319,235,235,2350,0.00235,2143.25342,9.120227319
Rifampin,Small Molecules,OAT1,BtoA,4,Blood,Bottom,99.09724234,235,235,2350,0.00235,2328.785195,9.909724234
Rifampin,Small Molecules,OAT1,BtoA,4,Blood,Bottom,108.1528805,235,235,2350,0.00235,2541.592692,10.81528805
Rifampin,Small Molecules,OAT1,BtoA,4,Lumen,Top,2.20147477,75,75,2350,0.00235,51.7346571,0.689795428
Rifampin,Small Molecules,OAT1,BtoA,4,Lumen,Top,1.251980661,75,75,2350,0.00235,29.42154553,0.392287274
Rifampin,Small Molecules,OAT1,BtoA,4,Lumen,Top,2.199217255,75,75,2350,0.00235,51.6816055,0.689088073
Rifampin,Small Molecules,OAT1,BtoA,4,Lumen,Top,2.165035423,75,75,2350,0.00235,50.87833244,0.678377766
Streptomycin,Mycin,OAT1,AtoB,4,Lumen,Top,99.95708634,75,75,75000,0.075,74967.81476,999.5708634
Streptomycin,Mycin,OAT1,AtoB,4,Lumen,Top,28.23286251,75,75,75000,0.075,21174.64689,282.3286251
Streptomycin,Mycin,OAT1,AtoB,4,Lumen,Top,137.6535583,75,75,75000,0.075,103240.1687,1376.535583
Streptomycin,Mycin,OAT1,AtoB,4,Lumen,Top,126.6845661,75,75,75000,0.075,95013.42457,1266.845661
Streptomycin,Mycin,OAT1,AtoB,4,Blood,Bottom,2.528549156,235,235,75000,0.075,1896.411867,8.069837733
Streptomycin,Mycin,OAT1,AtoB,4,Blood,Bottom,1.114907828,235,235,75000,0.075,836.1808711,3.558216473
Streptomycin,Mycin,OAT1,AtoB,4,Blood,Bottom,0.786183195,235,235,75000,0.075,589.6373964,2.509095304
Streptomycin,Mycin,OAT1,AtoB,4,Blood,Bottom,3.042286557,235,235,75000,0.075,2281.714917,9.709425181
Streptomycin,Mycin,OAT1,BtoA,4,Blood,Bottom,217.5040869,235,235,235000,0.235,511134.6041,2175.040869
Streptomycin,Mycin,OAT1,BtoA,4,Blood,Bottom,23.57628067,235,235,235000,0.235,55404.25958,235.7628067
Streptomycin,Mycin,OAT1,BtoA,4,Blood,Bottom,80.85062811,235,235,235000,0.235,189998.976,808.5062811
Streptomycin,Mycin,OAT1,BtoA,4,Blood,Bottom,76.05828777,235,235,235000,0.235,178736.9763,760.5828777
Streptomycin,Mycin,OAT1,BtoA,4,Lumen,Top,0.595244003,75,75,235000,0.235,1398.823408,18.65097877
Streptomycin,Mycin,OAT1,BtoA,4,Lumen,Top,0.426159639,75,75,235000,0.235,1001.475151,13.35300201
Streptomycin,Mycin,OAT1,BtoA,4,Lumen,Top,0.62133955,75,75,235000,0.235,1460.147942,19.46863922
Streptomycin,Mycin,OAT1,BtoA,4,Lumen,Top,0.367973405,75,75,235000,0.235,864.7375014,11.52983335
Tobramycin,Mycin,OAT1,AtoB,4,Lumen,Top,51.23886503,75,75,75000,0.075,38429.14877,512.3886503
Tobramycin,Mycin,OAT1,AtoB,4,Lumen,Top,72.21941938,75,75,75000,0.075,54164.56454,722.1941938
Tobramycin,Mycin,OAT1,AtoB,4,Lumen,Top,64.79787183,75,75,75000,0.075,48598.40387,647.9787183
Tobramycin,Mycin,OAT1,AtoB,4,Lumen,Top,67.1556704,75,75,75000,0.075,50366.7528,671.556704
Tobramycin,Mycin,OAT1,AtoB,4,Blood,Bottom,30.12819433,235,235,75000,0.075,22596.14575,96.1538117
Tobramycin,Mycin,OAT1,AtoB,4,Blood,Bottom,26.6034819,235,235,75000,0.075,19952.61142,84.90472946
Tobramycin,Mycin,OAT1,AtoB,4,Blood,Bottom,40.1965617,235,235,75000,0.075,30147.42127,128.286899
Tobramycin,Mycin,OAT1,AtoB,4,Blood,Bottom,47.65993543,235,235,75000,0.075,35744.95157,152.1061769
Tobramycin,Mycin,OAT1,BtoA,4,Blood,Bottom,89.9100463,235,235,235000,0.235,211288.6088,899.100463
Tobramycin,Mycin,OAT1,BtoA,4,Blood,Bottom,89.326257,235,235,235000,0.235,209916.704,893.26257
Tobramycin,Mycin,OAT1,BtoA,4,Blood,Bottom,73.35866318,235,235,235000,0.235,172392.8585,733.5866318
Tobramycin,Mycin,OAT1,BtoA,4,Blood,Bottom,89.59562982,235,235,235000,0.235,210549.7301,895.9562982
Tobramycin,Mycin,OAT1,BtoA,4,Lumen,Top,17.16683774,75,75,235000,0.235,40342.06869,537.8942492
Tobramycin,Mycin,OAT1,BtoA,4,Lumen,Top,10.631993,75,75,235000,0.235,24985.18355,333.1357806
Tobramycin,Mycin,OAT1,BtoA,4,Lumen,Top,6.318644192,75,75,235000,0.235,14848.81385,197.9841847
Tobramycin,Mycin,OAT1,BtoA,4,Lumen,Top,23.69192877,75,75,235000,0.235,55676.03261,742.3471015
Colchicine,Small Molecules,OAT1,AtoB,4,Lumen,Top,73.76517135,75,75,750,0.00075,553.2387851,7.376517135
Colchicine,Small Molecules,OAT1,AtoB,4,Lumen,Top,94.25748246,75,75,750,0.00075,706.9311185,9.425748246
Colchicine,Small Molecules,OAT1,AtoB,4,Lumen,Top,93.97886704,75,75,750,0.00075,704.8415028,9.397886704
Colchicine,Small Molecules,OAT1,AtoB,4,Lumen,Top,92.38835526,75,75,750,0.00075,692.9126645,9.238835526
Colchicine,Small Molecules,OAT1,AtoB,4,Blood,Bottom,10.25759458,235,235,750,0.00075,76.93195938,0.32737004
Colchicine,Small Molecules,OAT1,AtoB,4,Blood,Bottom,11.42658037,235,235,750,0.00075,85.6993528,0.364678097
Colchicine,Small Molecules,OAT1,AtoB,4,Blood,Bottom,12.0464801,235,235,750,0.00075,90.34860076,0.384462131
Colchicine,Small Molecules,OAT1,AtoB,4,Blood,Bottom,11.87946882,235,235,750,0.00075,89.09601613,0.379131984
Colchicine,Small Molecules,OAT1,BtoA,4,Blood,Bottom,94.33952343,235,235,2350,0.00235,2216.978801,9.433952343
Colchicine,Small Molecules,OAT1,BtoA,4,Blood,Bottom,101.2330829,235,235,2350,0.00235,2378.977448,10.12330829
Colchicine,Small Molecules,OAT1,BtoA,4,Blood,Bottom,94.3951874,235,235,2350,0.00235,2218.286904,9.43951874
Colchicine,Small Molecules,OAT1,BtoA,4,Blood,Bottom,97.25873967,235,235,2350,0.00235,2285.580382,9.725873967
Colchicine,Small Molecules,OAT1,BtoA,4,Lumen,Top,2.600848056,75,75,2350,0.00235,61.11992932,0.814932391
Colchicine,Small Molecules,OAT1,BtoA,4,Lumen,Top,3.202705675,75,75,2350,0.00235,75.26358335,1.003514445
Colchicine,Small Molecules,OAT1,BtoA,4,Lumen,Top,3.270993434,75,75,2350,0.00235,76.86834569,1.024911276
Colchicine,Small Molecules,OAT1,BtoA,4,Lumen,Top,3.698919453,75,75,2350,0.00235,86.92460714,1.158994762
PFBA,PFAS,OAT1,AtoB,4,Lumen,Top,80.40068222,75,75,375,0.000375,301.5025583,4.020034111
PFBA,PFAS,OAT1,AtoB,4,Lumen,Top,81.75947283,75,75,375,0.000375,306.5980231,4.087973642
PFBA,PFAS,OAT1,AtoB,4,Lumen,Top,72.71539632,75,75,375,0.000375,272.6827362,3.635769816
PFBA,PFAS,OAT1,AtoB,4,Lumen,Top,75.47328261,75,75,375,0.000375,283.0248098,3.77366413
PFBA,PFAS,OAT1,AtoB,4,Blood,Bottom,30.2463242,235,235,375,0.000375,113.4237157,0.48265411
PFBA,PFAS,OAT1,AtoB,4,Blood,Bottom,29.37654941,235,235,375,0.000375,110.1620603,0.468774725
PFBA,PFAS,OAT1,AtoB,4,Blood,Bottom,15.86256999,235,235,375,0.000375,59.48463745,0.253126117
PFBA,PFAS,OAT1,AtoB,4,Blood,Bottom,14.16572243,235,235,375,0.000375,53.12145913,0.226048762
PFBA,PFAS,OAT1,BtoA,4,Blood,Bottom,99.27869998,235,235,1175,0.001175,1166.524725,4.963934999
PFBA,PFAS,OAT1,BtoA,4,Blood,Bottom,91.025165,235,235,1175,0.001175,1069.545689,4.55125825
PFBA,PFAS,OAT1,BtoA,4,Blood,Bottom,92.32861721,235,235,1175,0.001175,1084.861252,4.61643086
PFBA,PFAS,OAT1,BtoA,4,Blood,Bottom,90.12083108,235,235,1175,0.001175,1058.919765,4.506041554
PFBA,PFAS,OAT1,BtoA,4,Lumen,Top,10.79873476,75,75,1175,0.001175,126.8851334,1.691801779
PFBA,PFAS,OAT1,BtoA,4,Lumen,Top,6.274123708,75,75,1175,0.001175,73.72095357,0.982946048
PFBA,PFAS,OAT1,BtoA,4,Lumen,Top,4.936882227,75,75,1175,0.001175,58.00836617,0.773444882
PFBA,PFAS,OAT1,BtoA,4,Lumen,Top,5.236946036,75,75,1175,0.001175,61.53411593,0.820454879
PFHxA,PFAS,OAT1,AtoB,4,Lumen,Top,123.3793912,75,75,375,0.000375,462.6727171,6.168969562
PFHxA,PFAS,OAT1,AtoB,4,Lumen,Top,121.4153272,75,75,375,0.000375,455.307477,6.07076636
PFHxA,PFAS,OAT1,AtoB,4,Lumen,Top,50.30994051,75,75,375,0.000375,188.6622769,2.515497025
PFHxA,PFAS,OAT1,AtoB,4,Lumen,Top,89.39518871,75,75,375,0.000375,335.2319577,4.469759435
PFHxA,PFAS,OAT1,AtoB,4,Blood,Bottom,2.65564512,235,235,375,0.000375,9.9586692,0.042377316
PFHxA,PFAS,OAT1,AtoB,4,Blood,Bottom,2.40865704,235,235,375,0.000375,9.0324639,0.038436017
PFHxA,PFAS,OAT1,AtoB,4,Blood,Bottom,5.99115004,235,235,375,0.000375,22.46681265,0.095603458
PFHxA,PFAS,OAT1,AtoB,4,Blood,Bottom,4.444700155,235,235,375,0.000375,16.66762558,0.070926066
PFHxA,PFAS,OAT1,BtoA,4,Blood,Bottom,100.6611057,235,235,1175,0.001175,1182.767992,5.033055284
PFHxA,PFAS,OAT1,BtoA,4,Blood,Bottom,83.81656878,235,235,1175,0.001175,984.8446832,4.190828439
PFHxA,PFAS,OAT1,BtoA,4,Blood,Bottom,119.3858342,235,235,1175,0.001175,1402.783552,5.969291711
PFHxA,PFAS,OAT1,BtoA,4,Blood,Bottom,94.31607195,235,235,1175,0.001175,1108.213845,4.715803598
PFHxA,PFAS,OAT1,BtoA,4,Lumen,Top,0.534613507,75,75,1175,0.001175,6.281708709,0.083756116
PFHxA,PFAS,OAT1,BtoA,4,Lumen,Top,0.417923796,75,75,1175,0.001175,4.910604606,0.065474728
PFHxA,PFAS,OAT1,BtoA,4,Lumen,Top,0.445356955,75,75,1175,0.001175,5.232944227,0.06977259
PFHxA,PFAS,OAT1,BtoA,4,Lumen,Top,0.422525097,75,75,1175,0.001175,4.96466989,0.066195599
Tenofovir TFV,Small Molecules,OAT1,AtoB,4,Lumen,Top,106.7950214,75,75,750,0.00075,800.9626605,10.67950214
Tenofovir TFV,Small Molecules,OAT1,AtoB,4,Lumen,Top,91.28164227,75,75,750,0.00075,684.612317,9.128164227
Tenofovir TFV,Small Molecules,OAT1,AtoB,4,Lumen,Top,98.95795881,75,75,750,0.00075,742.184691,9.895795881
Tenofovir TFV,Small Molecules,OAT1,AtoB,4,Lumen,Top,89.23825878,75,75,750,0.00075,669.2869408,8.923825878
Tenofovir TFV,Small Molecules,OAT1,AtoB,4,Blood,Bottom,3.693312967,235,235,750,0.00075,27.69984725,0.11787169
Tenofovir TFV,Small Molecules,OAT1,AtoB,4,Blood,Bottom,3.046622405,235,235,750,0.00075,22.84966804,0.09723263
Tenofovir TFV,Small Molecules,OAT1,AtoB,4,Blood,Bottom,2.68762181,235,235,750,0.00075,20.15716357,0.085775164
Tenofovir TFV,Small Molecules,OAT1,AtoB,4,Blood,Bottom,4.299561567,235,235,750,0.00075,32.24671175,0.13722005
Tenofovir TFV,Small Molecules,OAT1,BtoA,4,Blood,Bottom,92.91930229,235,235,2350,0.00235,2183.603604,9.291930229
Tenofovir TFV,Small Molecules,OAT1,BtoA,4,Blood,Bottom,105.3276685,235,235,2350,0.00235,2475.20021,10.53276685
Tenofovir TFV,Small Molecules,OAT1,BtoA,4,Blood,Bottom,92.69966356,235,235,2350,0.00235,2178.442094,9.269966356
Tenofovir TFV,Small Molecules,OAT1,BtoA,4,Blood,Bottom,104.1620101,235,235,2350,0.00235,2447.807236,10.41620101
Tenofovir TFV,Small Molecules,OAT1,BtoA,4,Lumen,Top,1.30157813,75,75,2350,0.00235,30.58708605,0.407827814
Tenofovir TFV,Small Molecules,OAT1,BtoA,4,Lumen,Top,1.338275413,75,75,2350,0.00235,31.44947221,0.419326296
Tenofovir TFV,Small Molecules,OAT1,BtoA,4,Lumen,Top,1.005709568,75,75,2350,0.00235,23.63417484,0.315122331
Tenofovir TFV,Small Molecules,OAT1,BtoA,4,Lumen,Top,1.24579245,75,75,2350,0.00235,29.27612258,0.390348301
